17:50:36 | Using manual feature override from .env: ['Kappa3', 'D50', 'MolLogP', 'apparent_solubility']
17:50:36 | Using manual QCNN feature override from .env: ['Kappa3', 'D50', 'MolLogP', 'apparent_solubility', 'FractionCSP3', 'BertzCT']
17:50:36 | Feature set A (Patzmann, 4): ['Kappa3', 'D50', 'MolLogP', 'apparent_solubility']
17:50:36 | Feature set B (broader RDKit, 6): ['Kappa3', 'D50', 'MolLogP', 'apparent_solubility', 'FractionCSP3', 'BertzCT']
17:50:36 | === 4-Patzmann: classical classification ===
17:50:36 | Running classical classifier: SVC_rbf
17:50:36 |   SVC_rbf -> accuracy=0.862 f1=0.833
17:50:36 | Running classical classifier: RandomForest
17:50:38 |   RandomForest -> accuracy=0.897 f1=0.880
17:50:38 | Running classical classifier: GradientBoosting
17:50:39 |   GradientBoosting -> accuracy=0.931 f1=0.923
17:50:39 | === 4-Patzmann: classical regression (PLS) ===
17:50:39 | Running PLS regression baseline (n_components=2, target=log(COMDR_15min))
17:50:39 |   PLS -> Q2(LOOCV)=0.756 R2(train)=0.828 (target=log(COMDR_15min))
17:50:39 | === 4-Patzmann: quantum classification (['QK-SVM_angle', 'QK-SVM_trained', 'VQC']) ===
17:50:39 | QuantumExecutor ready | backend=aer_simulator | shots=4096
17:50:39 | Running quantum classifier: QK-SVM_angle (backend=aer_simulator)
17:51:16 |   QK-SVM_angle -> accuracy=0.931 f1=0.917 (36.9s)
17:51:16 | Running quantum classifier: QK-SVM_trained (backend=aer_simulator)
17:52:01 | Trained kernel KTA for this fold, before and after training: 0.3016 -> 0.3883
17:52:46 | Trained kernel KTA for this fold, before and after training: 0.3181 -> 0.4104
17:53:29 | Trained kernel KTA for this fold, before and after training: 0.3048 -> 0.3974
17:54:11 | Trained kernel KTA for this fold, before and after training: 0.3239 -> 0.3997
17:54:54 | Trained kernel KTA for this fold, before and after training: 0.3185 -> 0.3845
17:55:37 | Trained kernel KTA for this fold, before and after training: 0.3229 -> 0.3840
17:56:19 | Trained kernel KTA for this fold, before and after training: 0.3035 -> 0.3903
17:57:03 | Trained kernel KTA for this fold, before and after training: 0.3104 -> 0.3805
17:57:45 | Trained kernel KTA for this fold, before and after training: 0.3116 -> 0.3955
17:58:27 | Trained kernel KTA for this fold, before and after training: 0.3219 -> 0.4090
17:59:08 | Trained kernel KTA for this fold, before and after training: 0.3048 -> 0.4016
18:01:11 | Trained kernel KTA for this fold, before and after training: 0.3292 -> 0.3833
18:01:53 | Trained kernel KTA for this fold, before and after training: 0.3163 -> 0.3781
18:02:37 | Trained kernel KTA for this fold, before and after training: 0.3815 -> 0.4227
18:03:20 | Trained kernel KTA for this fold, before and after training: 0.3535 -> 0.3995
18:04:04 | Trained kernel KTA for this fold, before and after training: 0.3194 -> 0.3644
18:04:47 | Trained kernel KTA for this fold, before and after training: 0.3197 -> 0.3991
18:05:29 | Trained kernel KTA for this fold, before and after training: 0.2983 -> 0.3811
18:06:11 | Trained kernel KTA for this fold, before and after training: 0.3027 -> 0.3888
18:07:06 | Trained kernel KTA for this fold, before and after training: 0.3190 -> 0.4048
18:07:49 | Trained kernel KTA for this fold, before and after training: 0.3058 -> 0.3985
18:08:32 | Trained kernel KTA for this fold, before and after training: 0.3087 -> 0.3971
18:09:15 | Trained kernel KTA for this fold, before and after training: 0.3007 -> 0.3610
18:09:57 | Trained kernel KTA for this fold, before and after training: 0.2980 -> 0.3650
18:10:38 | Trained kernel KTA for this fold, before and after training: 0.3030 -> 0.3712
18:11:20 | Trained kernel KTA for this fold, before and after training: 0.3207 -> 0.4105
18:12:01 | Trained kernel KTA for this fold, before and after training: 0.3112 -> 0.4007
18:12:42 | Trained kernel KTA for this fold, before and after training: 0.3007 -> 0.3892
18:15:12 | Trained kernel KTA for this fold, before and after training: 0.3053 -> 0.3952
18:15:13 |   QK-SVM_trained -> accuracy=0.966 f1=0.960 (1237.7s)
18:15:13 | Running quantum classifier: VQC (backend=aer_simulator)
18:20:31 |   VQC -> accuracy=0.862 f1=0.833 (133.5s)
18:20:31 | === 4-Patzmann: quantum regression (['QK-KRR_angle', 'VQR_spsa_cobyla', 'QK-KRR_trained']) ===
18:20:31 | QuantumExecutor ready | backend=aer_simulator | shots=4096
18:20:31 | Running quantum regressor: QK-KRR_angle (backend=aer_simulator, target=log(COMDR_15min))
18:20:32 | QK-KRR fold fit | feature_map=angle alpha=1 | ||K||_F=13.632 eff_rank=6.74
18:20:33 | QK-KRR fold fit | feature_map=angle alpha=1 | ||K||_F=14.246 eff_rank=6.27
18:20:34 | QK-KRR fold fit | feature_map=angle alpha=1 | ||K||_F=13.730 eff_rank=6.70
18:20:35 | QK-KRR fold fit | feature_map=angle alpha=0.1 | ||K||_F=14.141 eff_rank=6.46
18:20:36 | QK-KRR fold fit | feature_map=angle alpha=1 | ||K||_F=14.117 eff_rank=6.41
18:20:37 | QK-KRR fold fit | feature_map=angle alpha=1 | ||K||_F=14.255 eff_rank=6.26
18:20:38 | QK-KRR fold fit | feature_map=angle alpha=1 | ||K||_F=13.598 eff_rank=6.77
18:20:39 | QK-KRR fold fit | feature_map=angle alpha=1 | ||K||_F=14.044 eff_rank=6.54
18:20:40 | QK-KRR fold fit | feature_map=angle alpha=1 | ||K||_F=13.856 eff_rank=6.60
18:20:41 | QK-KRR fold fit | feature_map=angle alpha=1 | ||K||_F=13.870 eff_rank=6.54
18:20:42 | QK-KRR fold fit | feature_map=angle alpha=1 | ||K||_F=13.657 eff_rank=6.70
18:20:43 | QK-KRR fold fit | feature_map=angle alpha=1 | ||K||_F=12.908 eff_rank=7.32
18:20:44 | QK-KRR fold fit | feature_map=angle alpha=0.1 | ||K||_F=14.037 eff_rank=6.45
18:20:46 | QK-KRR fold fit | feature_map=angle alpha=1 | ||K||_F=13.665 eff_rank=6.67
18:20:47 | QK-KRR fold fit | feature_map=angle alpha=1 | ||K||_F=13.755 eff_rank=6.59
18:20:48 | QK-KRR fold fit | feature_map=angle alpha=1 | ||K||_F=13.883 eff_rank=6.64
18:20:49 | QK-KRR fold fit | feature_map=angle alpha=1 | ||K||_F=14.173 eff_rank=6.39
18:20:50 | QK-KRR fold fit | feature_map=angle alpha=0.1 | ||K||_F=13.916 eff_rank=6.50
18:20:51 | QK-KRR fold fit | feature_map=angle alpha=1 | ||K||_F=13.793 eff_rank=6.65
18:20:52 | QK-KRR fold fit | feature_map=angle alpha=1 | ||K||_F=14.258 eff_rank=6.37
18:20:53 | QK-KRR fold fit | feature_map=angle alpha=1 | ||K||_F=13.735 eff_rank=6.67
18:20:54 | QK-KRR fold fit | feature_map=angle alpha=1 | ||K||_F=14.021 eff_rank=6.53
18:20:55 | QK-KRR fold fit | feature_map=angle alpha=1 | ||K||_F=13.631 eff_rank=6.74
18:20:56 | QK-KRR fold fit | feature_map=angle alpha=1 | ||K||_F=13.709 eff_rank=6.65
18:20:57 | QK-KRR fold fit | feature_map=angle alpha=1 | ||K||_F=13.702 eff_rank=6.68
18:20:58 | QK-KRR fold fit | feature_map=angle alpha=1 | ||K||_F=13.991 eff_rank=6.42
18:21:00 | QK-KRR fold fit | feature_map=angle alpha=1 | ||K||_F=13.904 eff_rank=6.61
18:21:01 | QK-KRR fold fit | feature_map=angle alpha=1 | ||K||_F=13.810 eff_rank=6.61
18:21:02 | QK-KRR fold fit | feature_map=angle alpha=1 | ||K||_F=13.678 eff_rank=6.73
18:21:03 | QK-KRR fold fit | feature_map=angle alpha=1 | ||K||_F=14.404 eff_rank=6.57
18:21:06 |   QK-KRR_angle -> q2=0.365 r2=0.756 mae=2.829 rmse=6.243 (31.2s)
18:21:06 | Running quantum regressor: VQR_spsa_cobyla (backend=aer_simulator, target=log(COMDR_15min))
18:25:34 |   VQR_spsa_cobyla -> q2=0.600 r2=0.863 mae=2.759 rmse=5.762 (258.4s)
18:25:34 | Running quantum regressor: QK-KRR_trained (backend=aer_simulator, target=log(COMDR_15min))
/Users/goni/OQI-Hackathon-2026----FNHW-/.venv/lib/python3.14/site-packages/sklearn/linear_model/_ridge.py:266: UserWarning: Singular matrix in solving dual problem. Using least-squares solution instead.
  warnings.warn(
/Users/goni/OQI-Hackathon-2026----FNHW-/.venv/lib/python3.14/site-packages/sklearn/linear_model/_ridge.py:266: UserWarning: Singular matrix in solving dual problem. Using least-squares solution instead.
  warnings.warn(
/Users/goni/OQI-Hackathon-2026----FNHW-/.venv/lib/python3.14/site-packages/sklearn/linear_model/_ridge.py:266: UserWarning: Singular matrix in solving dual problem. Using least-squares solution instead.
  warnings.warn(
/Users/goni/OQI-Hackathon-2026----FNHW-/.venv/lib/python3.14/site-packages/sklearn/linear_model/_ridge.py:266: UserWarning: Singular matrix in solving dual problem. Using least-squares solution instead.
  warnings.warn(
/Users/goni/OQI-Hackathon-2026----FNHW-/.venv/lib/python3.14/site-packages/sklearn/linear_model/_ridge.py:266: UserWarning: Singular matrix in solving dual problem. Using least-squares solution instead.
  warnings.warn(
/Users/goni/OQI-Hackathon-2026----FNHW-/.venv/lib/python3.14/site-packages/sklearn/linear_model/_ridge.py:266: UserWarning: Singular matrix in solving dual problem. Using least-squares solution instead.
  warnings.warn(
/Users/goni/OQI-Hackathon-2026----FNHW-/.venv/lib/python3.14/site-packages/sklearn/linear_model/_ridge.py:266: UserWarning: Singular matrix in solving dual problem. Using least-squares solution instead.
  warnings.warn(
/Users/goni/OQI-Hackathon-2026----FNHW-/.venv/lib/python3.14/site-packages/sklearn/linear_model/_ridge.py:266: UserWarning: Singular matrix in solving dual problem. Using least-squares solution instead.
  warnings.warn(
/Users/goni/OQI-Hackathon-2026----FNHW-/.venv/lib/python3.14/site-packages/sklearn/linear_model/_ridge.py:266: UserWarning: Singular matrix in solving dual problem. Using least-squares solution instead.
  warnings.warn(
/Users/goni/OQI-Hackathon-2026----FNHW-/.venv/lib/python3.14/site-packages/sklearn/linear_model/_ridge.py:266: UserWarning: Singular matrix in solving dual problem. Using least-squares solution instead.
  warnings.warn(
/Users/goni/OQI-Hackathon-2026----FNHW-/.venv/lib/python3.14/site-packages/sklearn/linear_model/_ridge.py:266: UserWarning: Singular matrix in solving dual problem. Using least-squares solution instead.
  warnings.warn(
/Users/goni/OQI-Hackathon-2026----FNHW-/.venv/lib/python3.14/site-packages/sklearn/linear_model/_ridge.py:266: UserWarning: Singular matrix in solving dual problem. Using least-squares solution instead.
  warnings.warn(
/Users/goni/OQI-Hackathon-2026----FNHW-/.venv/lib/python3.14/site-packages/sklearn/linear_model/_ridge.py:266: UserWarning: Singular matrix in solving dual problem. Using least-squares solution instead.
  warnings.warn(
/Users/goni/OQI-Hackathon-2026----FNHW-/.venv/lib/python3.14/site-packages/sklearn/linear_model/_ridge.py:266: UserWarning: Singular matrix in solving dual problem. Using least-squares solution instead.
  warnings.warn(
/Users/goni/OQI-Hackathon-2026----FNHW-/.venv/lib/python3.14/site-packages/sklearn/linear_model/_ridge.py:266: UserWarning: Singular matrix in solving dual problem. Using least-squares solution instead.
  warnings.warn(
/Users/goni/OQI-Hackathon-2026----FNHW-/.venv/lib/python3.14/site-packages/sklearn/linear_model/_ridge.py:266: UserWarning: Singular matrix in solving dual problem. Using least-squares solution instead.
  warnings.warn(
/Users/goni/OQI-Hackathon-2026----FNHW-/.venv/lib/python3.14/site-packages/sklearn/linear_model/_ridge.py:266: UserWarning: Singular matrix in solving dual problem. Using least-squares solution instead.
  warnings.warn(
/Users/goni/OQI-Hackathon-2026----FNHW-/.venv/lib/python3.14/site-packages/sklearn/linear_model/_ridge.py:266: UserWarning: Singular matrix in solving dual problem. Using least-squares solution instead.
  warnings.warn(
/Users/goni/OQI-Hackathon-2026----FNHW-/.venv/lib/python3.14/site-packages/sklearn/linear_model/_ridge.py:266: UserWarning: Singular matrix in solving dual problem. Using least-squares solution instead.
  warnings.warn(
/Users/goni/OQI-Hackathon-2026----FNHW-/.venv/lib/python3.14/site-packages/sklearn/linear_model/_ridge.py:266: UserWarning: Singular matrix in solving dual problem. Using least-squares solution instead.
  warnings.warn(
/Users/goni/OQI-Hackathon-2026----FNHW-/.venv/lib/python3.14/site-packages/sklearn/linear_model/_ridge.py:266: UserWarning: Singular matrix in solving dual problem. Using least-squares solution instead.
  warnings.warn(
/Users/goni/OQI-Hackathon-2026----FNHW-/.venv/lib/python3.14/site-packages/sklearn/linear_model/_ridge.py:266: UserWarning: Singular matrix in solving dual problem. Using least-squares solution instead.
  warnings.warn(
/Users/goni/OQI-Hackathon-2026----FNHW-/.venv/lib/python3.14/site-packages/sklearn/linear_model/_ridge.py:266: UserWarning: Singular matrix in solving dual problem. Using least-squares solution instead.
  warnings.warn(
/Users/goni/OQI-Hackathon-2026----FNHW-/.venv/lib/python3.14/site-packages/sklearn/linear_model/_ridge.py:266: UserWarning: Singular matrix in solving dual problem. Using least-squares solution instead.
  warnings.warn(
/Users/goni/OQI-Hackathon-2026----FNHW-/.venv/lib/python3.14/site-packages/sklearn/linear_model/_ridge.py:266: UserWarning: Singular matrix in solving dual problem. Using least-squares solution instead.
  warnings.warn(
18:26:14 | QK-KRR-trained fold fit | KTA_reg=0.3740 -> 0.5405 | alpha=1
/Users/goni/OQI-Hackathon-2026----FNHW-/.venv/lib/python3.14/site-packages/sklearn/linear_model/_ridge.py:266: UserWarning: Singular matrix in solving dual problem. Using least-squares solution instead.
  warnings.warn(
/Users/goni/OQI-Hackathon-2026----FNHW-/.venv/lib/python3.14/site-packages/sklearn/linear_model/_ridge.py:266: UserWarning: Singular matrix in solving dual problem. Using least-squares solution instead.
  warnings.warn(
/Users/goni/OQI-Hackathon-2026----FNHW-/.venv/lib/python3.14/site-packages/sklearn/linear_model/_ridge.py:266: UserWarning: Singular matrix in solving dual problem. Using least-squares solution instead.
  warnings.warn(
/Users/goni/OQI-Hackathon-2026----FNHW-/.venv/lib/python3.14/site-packages/sklearn/linear_model/_ridge.py:266: UserWarning: Singular matrix in solving dual problem. Using least-squares solution instead.
  warnings.warn(
/Users/goni/OQI-Hackathon-2026----FNHW-/.venv/lib/python3.14/site-packages/sklearn/linear_model/_ridge.py:266: UserWarning: Singular matrix in solving dual problem. Using least-squares solution instead.
  warnings.warn(
/Users/goni/OQI-Hackathon-2026----FNHW-/.venv/lib/python3.14/site-packages/sklearn/linear_model/_ridge.py:266: UserWarning: Singular matrix in solving dual problem. Using least-squares solution instead.
  warnings.warn(
/Users/goni/OQI-Hackathon-2026----FNHW-/.venv/lib/python3.14/site-packages/sklearn/linear_model/_ridge.py:266: UserWarning: Singular matrix in solving dual problem. Using least-squares solution instead.
  warnings.warn(
/Users/goni/OQI-Hackathon-2026----FNHW-/.venv/lib/python3.14/site-packages/sklearn/linear_model/_ridge.py:266: UserWarning: Singular matrix in solving dual problem. Using least-squares solution instead.
  warnings.warn(
/Users/goni/OQI-Hackathon-2026----FNHW-/.venv/lib/python3.14/site-packages/sklearn/linear_model/_ridge.py:266: UserWarning: Singular matrix in solving dual problem. Using least-squares solution instead.
  warnings.warn(
/Users/goni/OQI-Hackathon-2026----FNHW-/.venv/lib/python3.14/site-packages/sklearn/linear_model/_ridge.py:266: UserWarning: Singular matrix in solving dual problem. Using least-squares solution instead.
  warnings.warn(
/Users/goni/OQI-Hackathon-2026----FNHW-/.venv/lib/python3.14/site-packages/sklearn/linear_model/_ridge.py:266: UserWarning: Singular matrix in solving dual problem. Using least-squares solution instead.
  warnings.warn(
/Users/goni/OQI-Hackathon-2026----FNHW-/.venv/lib/python3.14/site-packages/sklearn/linear_model/_ridge.py:266: UserWarning: Singular matrix in solving dual problem. Using least-squares solution instead.
  warnings.warn(
/Users/goni/OQI-Hackathon-2026----FNHW-/.venv/lib/python3.14/site-packages/sklearn/linear_model/_ridge.py:266: UserWarning: Singular matrix in solving dual problem. Using least-squares solution instead.
  warnings.warn(
/Users/goni/OQI-Hackathon-2026----FNHW-/.venv/lib/python3.14/site-packages/sklearn/linear_model/_ridge.py:266: UserWarning: Singular matrix in solving dual problem. Using least-squares solution instead.
  warnings.warn(
/Users/goni/OQI-Hackathon-2026----FNHW-/.venv/lib/python3.14/site-packages/sklearn/linear_model/_ridge.py:266: UserWarning: Singular matrix in solving dual problem. Using least-squares solution instead.
  warnings.warn(
/Users/goni/OQI-Hackathon-2026----FNHW-/.venv/lib/python3.14/site-packages/sklearn/linear_model/_ridge.py:266: UserWarning: Singular matrix in solving dual problem. Using least-squares solution instead.
  warnings.warn(
/Users/goni/OQI-Hackathon-2026----FNHW-/.venv/lib/python3.14/site-packages/sklearn/linear_model/_ridge.py:266: UserWarning: Singular matrix in solving dual problem. Using least-squares solution instead.
  warnings.warn(
/Users/goni/OQI-Hackathon-2026----FNHW-/.venv/lib/python3.14/site-packages/sklearn/linear_model/_ridge.py:266: UserWarning: Singular matrix in solving dual problem. Using least-squares solution instead.
  warnings.warn(
/Users/goni/OQI-Hackathon-2026----FNHW-/.venv/lib/python3.14/site-packages/sklearn/linear_model/_ridge.py:266: UserWarning: Singular matrix in solving dual problem. Using least-squares solution instead.
  warnings.warn(
/Users/goni/OQI-Hackathon-2026----FNHW-/.venv/lib/python3.14/site-packages/sklearn/linear_model/_ridge.py:266: UserWarning: Singular matrix in solving dual problem. Using least-squares solution instead.
  warnings.warn(
/Users/goni/OQI-Hackathon-2026----FNHW-/.venv/lib/python3.14/site-packages/sklearn/linear_model/_ridge.py:266: UserWarning: Singular matrix in solving dual problem. Using least-squares solution instead.
  warnings.warn(
/Users/goni/OQI-Hackathon-2026----FNHW-/.venv/lib/python3.14/site-packages/sklearn/linear_model/_ridge.py:266: UserWarning: Singular matrix in solving dual problem. Using least-squares solution instead.
  warnings.warn(
/Users/goni/OQI-Hackathon-2026----FNHW-/.venv/lib/python3.14/site-packages/sklearn/linear_model/_ridge.py:266: UserWarning: Singular matrix in solving dual problem. Using least-squares solution instead.
  warnings.warn(
18:26:56 | QK-KRR-trained fold fit | KTA_reg=0.3520 -> 0.5173 | alpha=1
18:27:38 | QK-KRR-trained fold fit | KTA_reg=0.3767 -> 0.5465 | alpha=1
/Users/goni/OQI-Hackathon-2026----FNHW-/.venv/lib/python3.14/site-packages/sklearn/linear_model/_ridge.py:266: UserWarning: Singular matrix in solving dual problem. Using least-squares solution instead.
  warnings.warn(
/Users/goni/OQI-Hackathon-2026----FNHW-/.venv/lib/python3.14/site-packages/sklearn/linear_model/_ridge.py:266: UserWarning: Singular matrix in solving dual problem. Using least-squares solution instead.
  warnings.warn(
/Users/goni/OQI-Hackathon-2026----FNHW-/.venv/lib/python3.14/site-packages/sklearn/linear_model/_ridge.py:266: UserWarning: Singular matrix in solving dual problem. Using least-squares solution instead.
  warnings.warn(
/Users/goni/OQI-Hackathon-2026----FNHW-/.venv/lib/python3.14/site-packages/sklearn/linear_model/_ridge.py:266: UserWarning: Singular matrix in solving dual problem. Using least-squares solution instead.
  warnings.warn(
/Users/goni/OQI-Hackathon-2026----FNHW-/.venv/lib/python3.14/site-packages/sklearn/linear_model/_ridge.py:266: UserWarning: Singular matrix in solving dual problem. Using least-squares solution instead.
  warnings.warn(
/Users/goni/OQI-Hackathon-2026----FNHW-/.venv/lib/python3.14/site-packages/sklearn/linear_model/_ridge.py:266: UserWarning: Singular matrix in solving dual problem. Using least-squares solution instead.
  warnings.warn(
/Users/goni/OQI-Hackathon-2026----FNHW-/.venv/lib/python3.14/site-packages/sklearn/linear_model/_ridge.py:266: UserWarning: Singular matrix in solving dual problem. Using least-squares solution instead.
  warnings.warn(
/Users/goni/OQI-Hackathon-2026----FNHW-/.venv/lib/python3.14/site-packages/sklearn/linear_model/_ridge.py:266: UserWarning: Singular matrix in solving dual problem. Using least-squares solution instead.
  warnings.warn(
/Users/goni/OQI-Hackathon-2026----FNHW-/.venv/lib/python3.14/site-packages/sklearn/linear_model/_ridge.py:266: UserWarning: Singular matrix in solving dual problem. Using least-squares solution instead.
  warnings.warn(
/Users/goni/OQI-Hackathon-2026----FNHW-/.venv/lib/python3.14/site-packages/sklearn/linear_model/_ridge.py:266: UserWarning: Singular matrix in solving dual problem. Using least-squares solution instead.
  warnings.warn(
/Users/goni/OQI-Hackathon-2026----FNHW-/.venv/lib/python3.14/site-packages/sklearn/linear_model/_ridge.py:266: UserWarning: Singular matrix in solving dual problem. Using least-squares solution instead.
  warnings.warn(
/Users/goni/OQI-Hackathon-2026----FNHW-/.venv/lib/python3.14/site-packages/sklearn/linear_model/_ridge.py:266: UserWarning: Singular matrix in solving dual problem. Using least-squares solution instead.
  warnings.warn(
/Users/goni/OQI-Hackathon-2026----FNHW-/.venv/lib/python3.14/site-packages/sklearn/linear_model/_ridge.py:266: UserWarning: Singular matrix in solving dual problem. Using least-squares solution instead.
  warnings.warn(
/Users/goni/OQI-Hackathon-2026----FNHW-/.venv/lib/python3.14/site-packages/sklearn/linear_model/_ridge.py:266: UserWarning: Singular matrix in solving dual problem. Using least-squares solution instead.
  warnings.warn(
/Users/goni/OQI-Hackathon-2026----FNHW-/.venv/lib/python3.14/site-packages/sklearn/linear_model/_ridge.py:266: UserWarning: Singular matrix in solving dual problem. Using least-squares solution instead.
  warnings.warn(
/Users/goni/OQI-Hackathon-2026----FNHW-/.venv/lib/python3.14/site-packages/sklearn/linear_model/_ridge.py:266: UserWarning: Singular matrix in solving dual problem. Using least-squares solution instead.
  warnings.warn(
/Users/goni/OQI-Hackathon-2026----FNHW-/.venv/lib/python3.14/site-packages/sklearn/linear_model/_ridge.py:266: UserWarning: Singular matrix in solving dual problem. Using least-squares solution instead.
  warnings.warn(
/Users/goni/OQI-Hackathon-2026----FNHW-/.venv/lib/python3.14/site-packages/sklearn/linear_model/_ridge.py:266: UserWarning: Singular matrix in solving dual problem. Using least-squares solution instead.
  warnings.warn(
/Users/goni/OQI-Hackathon-2026----FNHW-/.venv/lib/python3.14/site-packages/sklearn/linear_model/_ridge.py:266: UserWarning: Singular matrix in solving dual problem. Using least-squares solution instead.
  warnings.warn(
/Users/goni/OQI-Hackathon-2026----FNHW-/.venv/lib/python3.14/site-packages/sklearn/linear_model/_ridge.py:266: UserWarning: Singular matrix in solving dual problem. Using least-squares solution instead.
  warnings.warn(
/Users/goni/OQI-Hackathon-2026----FNHW-/.venv/lib/python3.14/site-packages/sklearn/linear_model/_ridge.py:266: UserWarning: Singular matrix in solving dual problem. Using least-squares solution instead.
  warnings.warn(
/Users/goni/OQI-Hackathon-2026----FNHW-/.venv/lib/python3.14/site-packages/sklearn/linear_model/_ridge.py:266: UserWarning: Singular matrix in solving dual problem. Using least-squares solution instead.
  warnings.warn(
/Users/goni/OQI-Hackathon-2026----FNHW-/.venv/lib/python3.14/site-packages/sklearn/linear_model/_ridge.py:266: UserWarning: Singular matrix in solving dual problem. Using least-squares solution instead.
  warnings.warn(
/Users/goni/OQI-Hackathon-2026----FNHW-/.venv/lib/python3.14/site-packages/sklearn/linear_model/_ridge.py:266: UserWarning: Singular matrix in solving dual problem. Using least-squares solution instead.
  warnings.warn(
18:28:20 | QK-KRR-trained fold fit | KTA_reg=0.3429 -> 0.4772 | alpha=0.1
/Users/goni/OQI-Hackathon-2026----FNHW-/.venv/lib/python3.14/site-packages/sklearn/linear_model/_ridge.py:266: UserWarning: Singular matrix in solving dual problem. Using least-squares solution instead.
  warnings.warn(
/Users/goni/OQI-Hackathon-2026----FNHW-/.venv/lib/python3.14/site-packages/sklearn/linear_model/_ridge.py:266: UserWarning: Singular matrix in solving dual problem. Using least-squares solution instead.
  warnings.warn(
/Users/goni/OQI-Hackathon-2026----FNHW-/.venv/lib/python3.14/site-packages/sklearn/linear_model/_ridge.py:266: UserWarning: Singular matrix in solving dual problem. Using least-squares solution instead.
  warnings.warn(
/Users/goni/OQI-Hackathon-2026----FNHW-/.venv/lib/python3.14/site-packages/sklearn/linear_model/_ridge.py:266: UserWarning: Singular matrix in solving dual problem. Using least-squares solution instead.
  warnings.warn(
/Users/goni/OQI-Hackathon-2026----FNHW-/.venv/lib/python3.14/site-packages/sklearn/linear_model/_ridge.py:266: UserWarning: Singular matrix in solving dual problem. Using least-squares solution instead.
  warnings.warn(
/Users/goni/OQI-Hackathon-2026----FNHW-/.venv/lib/python3.14/site-packages/sklearn/linear_model/_ridge.py:266: UserWarning: Singular matrix in solving dual problem. Using least-squares solution instead.
  warnings.warn(
/Users/goni/OQI-Hackathon-2026----FNHW-/.venv/lib/python3.14/site-packages/sklearn/linear_model/_ridge.py:266: UserWarning: Singular matrix in solving dual problem. Using least-squares solution instead.
  warnings.warn(
/Users/goni/OQI-Hackathon-2026----FNHW-/.venv/lib/python3.14/site-packages/sklearn/linear_model/_ridge.py:266: UserWarning: Singular matrix in solving dual problem. Using least-squares solution instead.
  warnings.warn(
/Users/goni/OQI-Hackathon-2026----FNHW-/.venv/lib/python3.14/site-packages/sklearn/linear_model/_ridge.py:266: UserWarning: Singular matrix in solving dual problem. Using least-squares solution instead.
  warnings.warn(
/Users/goni/OQI-Hackathon-2026----FNHW-/.venv/lib/python3.14/site-packages/sklearn/linear_model/_ridge.py:266: UserWarning: Singular matrix in solving dual problem. Using least-squares solution instead.
  warnings.warn(
/Users/goni/OQI-Hackathon-2026----FNHW-/.venv/lib/python3.14/site-packages/sklearn/linear_model/_ridge.py:266: UserWarning: Singular matrix in solving dual problem. Using least-squares solution instead.
  warnings.warn(
/Users/goni/OQI-Hackathon-2026----FNHW-/.venv/lib/python3.14/site-packages/sklearn/linear_model/_ridge.py:266: UserWarning: Singular matrix in solving dual problem. Using least-squares solution instead.
  warnings.warn(
/Users/goni/OQI-Hackathon-2026----FNHW-/.venv/lib/python3.14/site-packages/sklearn/linear_model/_ridge.py:266: UserWarning: Singular matrix in solving dual problem. Using least-squares solution instead.
  warnings.warn(
/Users/goni/OQI-Hackathon-2026----FNHW-/.venv/lib/python3.14/site-packages/sklearn/linear_model/_ridge.py:266: UserWarning: Singular matrix in solving dual problem. Using least-squares solution instead.
  warnings.warn(
/Users/goni/OQI-Hackathon-2026----FNHW-/.venv/lib/python3.14/site-packages/sklearn/linear_model/_ridge.py:266: UserWarning: Singular matrix in solving dual problem. Using least-squares solution instead.
  warnings.warn(
/Users/goni/OQI-Hackathon-2026----FNHW-/.venv/lib/python3.14/site-packages/sklearn/linear_model/_ridge.py:266: UserWarning: Singular matrix in solving dual problem. Using least-squares solution instead.
  warnings.warn(
/Users/goni/OQI-Hackathon-2026----FNHW-/.venv/lib/python3.14/site-packages/sklearn/linear_model/_ridge.py:266: UserWarning: Singular matrix in solving dual problem. Using least-squares solution instead.
  warnings.warn(
/Users/goni/OQI-Hackathon-2026----FNHW-/.venv/lib/python3.14/site-packages/sklearn/linear_model/_ridge.py:266: UserWarning: Singular matrix in solving dual problem. Using least-squares solution instead.
  warnings.warn(
/Users/goni/OQI-Hackathon-2026----FNHW-/.venv/lib/python3.14/site-packages/sklearn/linear_model/_ridge.py:266: UserWarning: Singular matrix in solving dual problem. Using least-squares solution instead.
  warnings.warn(
/Users/goni/OQI-Hackathon-2026----FNHW-/.venv/lib/python3.14/site-packages/sklearn/linear_model/_ridge.py:266: UserWarning: Singular matrix in solving dual problem. Using least-squares solution instead.
  warnings.warn(
/Users/goni/OQI-Hackathon-2026----FNHW-/.venv/lib/python3.14/site-packages/sklearn/linear_model/_ridge.py:266: UserWarning: Singular matrix in solving dual problem. Using least-squares solution instead.
  warnings.warn(
/Users/goni/OQI-Hackathon-2026----FNHW-/.venv/lib/python3.14/site-packages/sklearn/linear_model/_ridge.py:266: UserWarning: Singular matrix in solving dual problem. Using least-squares solution instead.
  warnings.warn(
/Users/goni/OQI-Hackathon-2026----FNHW-/.venv/lib/python3.14/site-packages/sklearn/linear_model/_ridge.py:266: UserWarning: Singular matrix in solving dual problem. Using least-squares solution instead.
  warnings.warn(
/Users/goni/OQI-Hackathon-2026----FNHW-/.venv/lib/python3.14/site-packages/sklearn/linear_model/_ridge.py:266: UserWarning: Singular matrix in solving dual problem. Using least-squares solution instead.
  warnings.warn(
/Users/goni/OQI-Hackathon-2026----FNHW-/.venv/lib/python3.14/site-packages/sklearn/linear_model/_ridge.py:266: UserWarning: Singular matrix in solving dual problem. Using least-squares solution instead.
  warnings.warn(
18:29:03 | QK-KRR-trained fold fit | KTA_reg=0.3797 -> 0.5394 | alpha=1
/Users/goni/OQI-Hackathon-2026----FNHW-/.venv/lib/python3.14/site-packages/sklearn/linear_model/_ridge.py:266: UserWarning: Singular matrix in solving dual problem. Using least-squares solution instead.
  warnings.warn(
/Users/goni/OQI-Hackathon-2026----FNHW-/.venv/lib/python3.14/site-packages/sklearn/linear_model/_ridge.py:266: UserWarning: Singular matrix in solving dual problem. Using least-squares solution instead.
  warnings.warn(
/Users/goni/OQI-Hackathon-2026----FNHW-/.venv/lib/python3.14/site-packages/sklearn/linear_model/_ridge.py:266: UserWarning: Singular matrix in solving dual problem. Using least-squares solution instead.
  warnings.warn(
/Users/goni/OQI-Hackathon-2026----FNHW-/.venv/lib/python3.14/site-packages/sklearn/linear_model/_ridge.py:266: UserWarning: Singular matrix in solving dual problem. Using least-squares solution instead.
  warnings.warn(
/Users/goni/OQI-Hackathon-2026----FNHW-/.venv/lib/python3.14/site-packages/sklearn/linear_model/_ridge.py:266: UserWarning: Singular matrix in solving dual problem. Using least-squares solution instead.
  warnings.warn(
/Users/goni/OQI-Hackathon-2026----FNHW-/.venv/lib/python3.14/site-packages/sklearn/linear_model/_ridge.py:266: UserWarning: Singular matrix in solving dual problem. Using least-squares solution instead.
  warnings.warn(
/Users/goni/OQI-Hackathon-2026----FNHW-/.venv/lib/python3.14/site-packages/sklearn/linear_model/_ridge.py:266: UserWarning: Singular matrix in solving dual problem. Using least-squares solution instead.
  warnings.warn(
/Users/goni/OQI-Hackathon-2026----FNHW-/.venv/lib/python3.14/site-packages/sklearn/linear_model/_ridge.py:266: UserWarning: Singular matrix in solving dual problem. Using least-squares solution instead.
  warnings.warn(
/Users/goni/OQI-Hackathon-2026----FNHW-/.venv/lib/python3.14/site-packages/sklearn/linear_model/_ridge.py:266: UserWarning: Singular matrix in solving dual problem. Using least-squares solution instead.
  warnings.warn(
/Users/goni/OQI-Hackathon-2026----FNHW-/.venv/lib/python3.14/site-packages/sklearn/linear_model/_ridge.py:266: UserWarning: Singular matrix in solving dual problem. Using least-squares solution instead.
  warnings.warn(
/Users/goni/OQI-Hackathon-2026----FNHW-/.venv/lib/python3.14/site-packages/sklearn/linear_model/_ridge.py:266: UserWarning: Singular matrix in solving dual problem. Using least-squares solution instead.
  warnings.warn(
/Users/goni/OQI-Hackathon-2026----FNHW-/.venv/lib/python3.14/site-packages/sklearn/linear_model/_ridge.py:266: UserWarning: Singular matrix in solving dual problem. Using least-squares solution instead.
  warnings.warn(
/Users/goni/OQI-Hackathon-2026----FNHW-/.venv/lib/python3.14/site-packages/sklearn/linear_model/_ridge.py:266: UserWarning: Singular matrix in solving dual problem. Using least-squares solution instead.
  warnings.warn(
/Users/goni/OQI-Hackathon-2026----FNHW-/.venv/lib/python3.14/site-packages/sklearn/linear_model/_ridge.py:266: UserWarning: Singular matrix in solving dual problem. Using least-squares solution instead.
  warnings.warn(
/Users/goni/OQI-Hackathon-2026----FNHW-/.venv/lib/python3.14/site-packages/sklearn/linear_model/_ridge.py:266: UserWarning: Singular matrix in solving dual problem. Using least-squares solution instead.
  warnings.warn(
/Users/goni/OQI-Hackathon-2026----FNHW-/.venv/lib/python3.14/site-packages/sklearn/linear_model/_ridge.py:266: UserWarning: Singular matrix in solving dual problem. Using least-squares solution instead.
  warnings.warn(
/Users/goni/OQI-Hackathon-2026----FNHW-/.venv/lib/python3.14/site-packages/sklearn/linear_model/_ridge.py:266: UserWarning: Singular matrix in solving dual problem. Using least-squares solution instead.
  warnings.warn(
/Users/goni/OQI-Hackathon-2026----FNHW-/.venv/lib/python3.14/site-packages/sklearn/linear_model/_ridge.py:266: UserWarning: Singular matrix in solving dual problem. Using least-squares solution instead.
  warnings.warn(
/Users/goni/OQI-Hackathon-2026----FNHW-/.venv/lib/python3.14/site-packages/sklearn/linear_model/_ridge.py:266: UserWarning: Singular matrix in solving dual problem. Using least-squares solution instead.
  warnings.warn(
/Users/goni/OQI-Hackathon-2026----FNHW-/.venv/lib/python3.14/site-packages/sklearn/linear_model/_ridge.py:266: UserWarning: Singular matrix in solving dual problem. Using least-squares solution instead.
  warnings.warn(
/Users/goni/OQI-Hackathon-2026----FNHW-/.venv/lib/python3.14/site-packages/sklearn/linear_model/_ridge.py:266: UserWarning: Singular matrix in solving dual problem. Using least-squares solution instead.
  warnings.warn(
/Users/goni/OQI-Hackathon-2026----FNHW-/.venv/lib/python3.14/site-packages/sklearn/linear_model/_ridge.py:266: UserWarning: Singular matrix in solving dual problem. Using least-squares solution instead.
  warnings.warn(
/Users/goni/OQI-Hackathon-2026----FNHW-/.venv/lib/python3.14/site-packages/sklearn/linear_model/_ridge.py:266: UserWarning: Singular matrix in solving dual problem. Using least-squares solution instead.
  warnings.warn(
/Users/goni/OQI-Hackathon-2026----FNHW-/.venv/lib/python3.14/site-packages/sklearn/linear_model/_ridge.py:266: UserWarning: Singular matrix in solving dual problem. Using least-squares solution instead.
  warnings.warn(
/Users/goni/OQI-Hackathon-2026----FNHW-/.venv/lib/python3.14/site-packages/sklearn/linear_model/_ridge.py:266: UserWarning: Singular matrix in solving dual problem. Using least-squares solution instead.
  warnings.warn(
/Users/goni/OQI-Hackathon-2026----FNHW-/.venv/lib/python3.14/site-packages/sklearn/linear_model/_ridge.py:266: UserWarning: Singular matrix in solving dual problem. Using least-squares solution instead.
  warnings.warn(
/Users/goni/OQI-Hackathon-2026----FNHW-/.venv/lib/python3.14/site-packages/sklearn/linear_model/_ridge.py:266: UserWarning: Singular matrix in solving dual problem. Using least-squares solution instead.
  warnings.warn(
18:29:45 | QK-KRR-trained fold fit | KTA_reg=0.4055 -> 0.5570 | alpha=1
/Users/goni/OQI-Hackathon-2026----FNHW-/.venv/lib/python3.14/site-packages/sklearn/linear_model/_ridge.py:266: UserWarning: Singular matrix in solving dual problem. Using least-squares solution instead.
  warnings.warn(
/Users/goni/OQI-Hackathon-2026----FNHW-/.venv/lib/python3.14/site-packages/sklearn/linear_model/_ridge.py:266: UserWarning: Singular matrix in solving dual problem. Using least-squares solution instead.
  warnings.warn(
/Users/goni/OQI-Hackathon-2026----FNHW-/.venv/lib/python3.14/site-packages/sklearn/linear_model/_ridge.py:266: UserWarning: Singular matrix in solving dual problem. Using least-squares solution instead.
  warnings.warn(
/Users/goni/OQI-Hackathon-2026----FNHW-/.venv/lib/python3.14/site-packages/sklearn/linear_model/_ridge.py:266: UserWarning: Singular matrix in solving dual problem. Using least-squares solution instead.
  warnings.warn(
/Users/goni/OQI-Hackathon-2026----FNHW-/.venv/lib/python3.14/site-packages/sklearn/linear_model/_ridge.py:266: UserWarning: Singular matrix in solving dual problem. Using least-squares solution instead.
  warnings.warn(
/Users/goni/OQI-Hackathon-2026----FNHW-/.venv/lib/python3.14/site-packages/sklearn/linear_model/_ridge.py:266: UserWarning: Singular matrix in solving dual problem. Using least-squares solution instead.
  warnings.warn(
/Users/goni/OQI-Hackathon-2026----FNHW-/.venv/lib/python3.14/site-packages/sklearn/linear_model/_ridge.py:266: UserWarning: Singular matrix in solving dual problem. Using least-squares solution instead.
  warnings.warn(
/Users/goni/OQI-Hackathon-2026----FNHW-/.venv/lib/python3.14/site-packages/sklearn/linear_model/_ridge.py:266: UserWarning: Singular matrix in solving dual problem. Using least-squares solution instead.
  warnings.warn(
/Users/goni/OQI-Hackathon-2026----FNHW-/.venv/lib/python3.14/site-packages/sklearn/linear_model/_ridge.py:266: UserWarning: Singular matrix in solving dual problem. Using least-squares solution instead.
  warnings.warn(
/Users/goni/OQI-Hackathon-2026----FNHW-/.venv/lib/python3.14/site-packages/sklearn/linear_model/_ridge.py:266: UserWarning: Singular matrix in solving dual problem. Using least-squares solution instead.
  warnings.warn(
/Users/goni/OQI-Hackathon-2026----FNHW-/.venv/lib/python3.14/site-packages/sklearn/linear_model/_ridge.py:266: UserWarning: Singular matrix in solving dual problem. Using least-squares solution instead.
  warnings.warn(
/Users/goni/OQI-Hackathon-2026----FNHW-/.venv/lib/python3.14/site-packages/sklearn/linear_model/_ridge.py:266: UserWarning: Singular matrix in solving dual problem. Using least-squares solution instead.
  warnings.warn(
/Users/goni/OQI-Hackathon-2026----FNHW-/.venv/lib/python3.14/site-packages/sklearn/linear_model/_ridge.py:266: UserWarning: Singular matrix in solving dual problem. Using least-squares solution instead.
  warnings.warn(
/Users/goni/OQI-Hackathon-2026----FNHW-/.venv/lib/python3.14/site-packages/sklearn/linear_model/_ridge.py:266: UserWarning: Singular matrix in solving dual problem. Using least-squares solution instead.
  warnings.warn(
/Users/goni/OQI-Hackathon-2026----FNHW-/.venv/lib/python3.14/site-packages/sklearn/linear_model/_ridge.py:266: UserWarning: Singular matrix in solving dual problem. Using least-squares solution instead.
  warnings.warn(
/Users/goni/OQI-Hackathon-2026----FNHW-/.venv/lib/python3.14/site-packages/sklearn/linear_model/_ridge.py:266: UserWarning: Singular matrix in solving dual problem. Using least-squares solution instead.
  warnings.warn(
/Users/goni/OQI-Hackathon-2026----FNHW-/.venv/lib/python3.14/site-packages/sklearn/linear_model/_ridge.py:266: UserWarning: Singular matrix in solving dual problem. Using least-squares solution instead.
  warnings.warn(
/Users/goni/OQI-Hackathon-2026----FNHW-/.venv/lib/python3.14/site-packages/sklearn/linear_model/_ridge.py:266: UserWarning: Singular matrix in solving dual problem. Using least-squares solution instead.
  warnings.warn(
/Users/goni/OQI-Hackathon-2026----FNHW-/.venv/lib/python3.14/site-packages/sklearn/linear_model/_ridge.py:266: UserWarning: Singular matrix in solving dual problem. Using least-squares solution instead.
  warnings.warn(
/Users/goni/OQI-Hackathon-2026----FNHW-/.venv/lib/python3.14/site-packages/sklearn/linear_model/_ridge.py:266: UserWarning: Singular matrix in solving dual problem. Using least-squares solution instead.
  warnings.warn(
/Users/goni/OQI-Hackathon-2026----FNHW-/.venv/lib/python3.14/site-packages/sklearn/linear_model/_ridge.py:266: UserWarning: Singular matrix in solving dual problem. Using least-squares solution instead.
  warnings.warn(
/Users/goni/OQI-Hackathon-2026----FNHW-/.venv/lib/python3.14/site-packages/sklearn/linear_model/_ridge.py:266: UserWarning: Singular matrix in solving dual problem. Using least-squares solution instead.
  warnings.warn(
18:30:26 | QK-KRR-trained fold fit | KTA_reg=0.3738 -> 0.5387 | alpha=1
/Users/goni/OQI-Hackathon-2026----FNHW-/.venv/lib/python3.14/site-packages/sklearn/linear_model/_ridge.py:266: UserWarning: Singular matrix in solving dual problem. Using least-squares solution instead.
  warnings.warn(
/Users/goni/OQI-Hackathon-2026----FNHW-/.venv/lib/python3.14/site-packages/sklearn/linear_model/_ridge.py:266: UserWarning: Singular matrix in solving dual problem. Using least-squares solution instead.
  warnings.warn(
/Users/goni/OQI-Hackathon-2026----FNHW-/.venv/lib/python3.14/site-packages/sklearn/linear_model/_ridge.py:266: UserWarning: Singular matrix in solving dual problem. Using least-squares solution instead.
  warnings.warn(
/Users/goni/OQI-Hackathon-2026----FNHW-/.venv/lib/python3.14/site-packages/sklearn/linear_model/_ridge.py:266: UserWarning: Singular matrix in solving dual problem. Using least-squares solution instead.
  warnings.warn(
/Users/goni/OQI-Hackathon-2026----FNHW-/.venv/lib/python3.14/site-packages/sklearn/linear_model/_ridge.py:266: UserWarning: Singular matrix in solving dual problem. Using least-squares solution instead.
  warnings.warn(
/Users/goni/OQI-Hackathon-2026----FNHW-/.venv/lib/python3.14/site-packages/sklearn/linear_model/_ridge.py:266: UserWarning: Singular matrix in solving dual problem. Using least-squares solution instead.
  warnings.warn(
/Users/goni/OQI-Hackathon-2026----FNHW-/.venv/lib/python3.14/site-packages/sklearn/linear_model/_ridge.py:266: UserWarning: Singular matrix in solving dual problem. Using least-squares solution instead.
  warnings.warn(
/Users/goni/OQI-Hackathon-2026----FNHW-/.venv/lib/python3.14/site-packages/sklearn/linear_model/_ridge.py:266: UserWarning: Singular matrix in solving dual problem. Using least-squares solution instead.
  warnings.warn(
/Users/goni/OQI-Hackathon-2026----FNHW-/.venv/lib/python3.14/site-packages/sklearn/linear_model/_ridge.py:266: UserWarning: Singular matrix in solving dual problem. Using least-squares solution instead.
  warnings.warn(
/Users/goni/OQI-Hackathon-2026----FNHW-/.venv/lib/python3.14/site-packages/sklearn/linear_model/_ridge.py:266: UserWarning: Singular matrix in solving dual problem. Using least-squares solution instead.
  warnings.warn(
/Users/goni/OQI-Hackathon-2026----FNHW-/.venv/lib/python3.14/site-packages/sklearn/linear_model/_ridge.py:266: UserWarning: Singular matrix in solving dual problem. Using least-squares solution instead.
  warnings.warn(
/Users/goni/OQI-Hackathon-2026----FNHW-/.venv/lib/python3.14/site-packages/sklearn/linear_model/_ridge.py:266: UserWarning: Singular matrix in solving dual problem. Using least-squares solution instead.
  warnings.warn(
/Users/goni/OQI-Hackathon-2026----FNHW-/.venv/lib/python3.14/site-packages/sklearn/linear_model/_ridge.py:266: UserWarning: Singular matrix in solving dual problem. Using least-squares solution instead.
  warnings.warn(
/Users/goni/OQI-Hackathon-2026----FNHW-/.venv/lib/python3.14/site-packages/sklearn/linear_model/_ridge.py:266: UserWarning: Singular matrix in solving dual problem. Using least-squares solution instead.
  warnings.warn(
/Users/goni/OQI-Hackathon-2026----FNHW-/.venv/lib/python3.14/site-packages/sklearn/linear_model/_ridge.py:266: UserWarning: Singular matrix in solving dual problem. Using least-squares solution instead.
  warnings.warn(
/Users/goni/OQI-Hackathon-2026----FNHW-/.venv/lib/python3.14/site-packages/sklearn/linear_model/_ridge.py:266: UserWarning: Singular matrix in solving dual problem. Using least-squares solution instead.
  warnings.warn(
/Users/goni/OQI-Hackathon-2026----FNHW-/.venv/lib/python3.14/site-packages/sklearn/linear_model/_ridge.py:266: UserWarning: Singular matrix in solving dual problem. Using least-squares solution instead.
  warnings.warn(
/Users/goni/OQI-Hackathon-2026----FNHW-/.venv/lib/python3.14/site-packages/sklearn/linear_model/_ridge.py:266: UserWarning: Singular matrix in solving dual problem. Using least-squares solution instead.
  warnings.warn(
/Users/goni/OQI-Hackathon-2026----FNHW-/.venv/lib/python3.14/site-packages/sklearn/linear_model/_ridge.py:266: UserWarning: Singular matrix in solving dual problem. Using least-squares solution instead.
  warnings.warn(
/Users/goni/OQI-Hackathon-2026----FNHW-/.venv/lib/python3.14/site-packages/sklearn/linear_model/_ridge.py:266: UserWarning: Singular matrix in solving dual problem. Using least-squares solution instead.
  warnings.warn(
/Users/goni/OQI-Hackathon-2026----FNHW-/.venv/lib/python3.14/site-packages/sklearn/linear_model/_ridge.py:266: UserWarning: Singular matrix in solving dual problem. Using least-squares solution instead.
  warnings.warn(
/Users/goni/OQI-Hackathon-2026----FNHW-/.venv/lib/python3.14/site-packages/sklearn/linear_model/_ridge.py:266: UserWarning: Singular matrix in solving dual problem. Using least-squares solution instead.
  warnings.warn(
/Users/goni/OQI-Hackathon-2026----FNHW-/.venv/lib/python3.14/site-packages/sklearn/linear_model/_ridge.py:266: UserWarning: Singular matrix in solving dual problem. Using least-squares solution instead.
  warnings.warn(
18:31:09 | QK-KRR-trained fold fit | KTA_reg=0.3926 -> 0.5400 | alpha=1
18:31:51 | QK-KRR-trained fold fit | KTA_reg=0.3642 -> 0.5102 | alpha=1
/Users/goni/OQI-Hackathon-2026----FNHW-/.venv/lib/python3.14/site-packages/sklearn/linear_model/_ridge.py:266: UserWarning: Singular matrix in solving dual problem. Using least-squares solution instead.
  warnings.warn(
/Users/goni/OQI-Hackathon-2026----FNHW-/.venv/lib/python3.14/site-packages/sklearn/linear_model/_ridge.py:266: UserWarning: Singular matrix in solving dual problem. Using least-squares solution instead.
  warnings.warn(
/Users/goni/OQI-Hackathon-2026----FNHW-/.venv/lib/python3.14/site-packages/sklearn/linear_model/_ridge.py:266: UserWarning: Singular matrix in solving dual problem. Using least-squares solution instead.
  warnings.warn(
/Users/goni/OQI-Hackathon-2026----FNHW-/.venv/lib/python3.14/site-packages/sklearn/linear_model/_ridge.py:266: UserWarning: Singular matrix in solving dual problem. Using least-squares solution instead.
  warnings.warn(
/Users/goni/OQI-Hackathon-2026----FNHW-/.venv/lib/python3.14/site-packages/sklearn/linear_model/_ridge.py:266: UserWarning: Singular matrix in solving dual problem. Using least-squares solution instead.
  warnings.warn(
/Users/goni/OQI-Hackathon-2026----FNHW-/.venv/lib/python3.14/site-packages/sklearn/linear_model/_ridge.py:266: UserWarning: Singular matrix in solving dual problem. Using least-squares solution instead.
  warnings.warn(
/Users/goni/OQI-Hackathon-2026----FNHW-/.venv/lib/python3.14/site-packages/sklearn/linear_model/_ridge.py:266: UserWarning: Singular matrix in solving dual problem. Using least-squares solution instead.
  warnings.warn(
/Users/goni/OQI-Hackathon-2026----FNHW-/.venv/lib/python3.14/site-packages/sklearn/linear_model/_ridge.py:266: UserWarning: Singular matrix in solving dual problem. Using least-squares solution instead.
  warnings.warn(
18:32:34 | QK-KRR-trained fold fit | KTA_reg=0.3877 -> 0.5300 | alpha=1
/Users/goni/OQI-Hackathon-2026----FNHW-/.venv/lib/python3.14/site-packages/sklearn/linear_model/_ridge.py:266: UserWarning: Singular matrix in solving dual problem. Using least-squares solution instead.
  warnings.warn(
/Users/goni/OQI-Hackathon-2026----FNHW-/.venv/lib/python3.14/site-packages/sklearn/linear_model/_ridge.py:266: UserWarning: Singular matrix in solving dual problem. Using least-squares solution instead.
  warnings.warn(
/Users/goni/OQI-Hackathon-2026----FNHW-/.venv/lib/python3.14/site-packages/sklearn/linear_model/_ridge.py:266: UserWarning: Singular matrix in solving dual problem. Using least-squares solution instead.
  warnings.warn(
/Users/goni/OQI-Hackathon-2026----FNHW-/.venv/lib/python3.14/site-packages/sklearn/linear_model/_ridge.py:266: UserWarning: Singular matrix in solving dual problem. Using least-squares solution instead.
  warnings.warn(
/Users/goni/OQI-Hackathon-2026----FNHW-/.venv/lib/python3.14/site-packages/sklearn/linear_model/_ridge.py:266: UserWarning: Singular matrix in solving dual problem. Using least-squares solution instead.
  warnings.warn(
/Users/goni/OQI-Hackathon-2026----FNHW-/.venv/lib/python3.14/site-packages/sklearn/linear_model/_ridge.py:266: UserWarning: Singular matrix in solving dual problem. Using least-squares solution instead.
  warnings.warn(
/Users/goni/OQI-Hackathon-2026----FNHW-/.venv/lib/python3.14/site-packages/sklearn/linear_model/_ridge.py:266: UserWarning: Singular matrix in solving dual problem. Using least-squares solution instead.
  warnings.warn(
/Users/goni/OQI-Hackathon-2026----FNHW-/.venv/lib/python3.14/site-packages/sklearn/linear_model/_ridge.py:266: UserWarning: Singular matrix in solving dual problem. Using least-squares solution instead.
  warnings.warn(
/Users/goni/OQI-Hackathon-2026----FNHW-/.venv/lib/python3.14/site-packages/sklearn/linear_model/_ridge.py:266: UserWarning: Singular matrix in solving dual problem. Using least-squares solution instead.
  warnings.warn(
/Users/goni/OQI-Hackathon-2026----FNHW-/.venv/lib/python3.14/site-packages/sklearn/linear_model/_ridge.py:266: UserWarning: Singular matrix in solving dual problem. Using least-squares solution instead.
  warnings.warn(
/Users/goni/OQI-Hackathon-2026----FNHW-/.venv/lib/python3.14/site-packages/sklearn/linear_model/_ridge.py:266: UserWarning: Singular matrix in solving dual problem. Using least-squares solution instead.
  warnings.warn(
/Users/goni/OQI-Hackathon-2026----FNHW-/.venv/lib/python3.14/site-packages/sklearn/linear_model/_ridge.py:266: UserWarning: Singular matrix in solving dual problem. Using least-squares solution instead.
  warnings.warn(
/Users/goni/OQI-Hackathon-2026----FNHW-/.venv/lib/python3.14/site-packages/sklearn/linear_model/_ridge.py:266: UserWarning: Singular matrix in solving dual problem. Using least-squares solution instead.
  warnings.warn(
/Users/goni/OQI-Hackathon-2026----FNHW-/.venv/lib/python3.14/site-packages/sklearn/linear_model/_ridge.py:266: UserWarning: Singular matrix in solving dual problem. Using least-squares solution instead.
  warnings.warn(
/Users/goni/OQI-Hackathon-2026----FNHW-/.venv/lib/python3.14/site-packages/sklearn/linear_model/_ridge.py:266: UserWarning: Singular matrix in solving dual problem. Using least-squares solution instead.
  warnings.warn(
18:33:16 | QK-KRR-trained fold fit | KTA_reg=0.3648 -> 0.5328 | alpha=1
/Users/goni/OQI-Hackathon-2026----FNHW-/.venv/lib/python3.14/site-packages/sklearn/linear_model/_ridge.py:266: UserWarning: Singular matrix in solving dual problem. Using least-squares solution instead.
  warnings.warn(
/Users/goni/OQI-Hackathon-2026----FNHW-/.venv/lib/python3.14/site-packages/sklearn/linear_model/_ridge.py:266: UserWarning: Singular matrix in solving dual problem. Using least-squares solution instead.
  warnings.warn(
/Users/goni/OQI-Hackathon-2026----FNHW-/.venv/lib/python3.14/site-packages/sklearn/linear_model/_ridge.py:266: UserWarning: Singular matrix in solving dual problem. Using least-squares solution instead.
  warnings.warn(
/Users/goni/OQI-Hackathon-2026----FNHW-/.venv/lib/python3.14/site-packages/sklearn/linear_model/_ridge.py:266: UserWarning: Singular matrix in solving dual problem. Using least-squares solution instead.
  warnings.warn(
/Users/goni/OQI-Hackathon-2026----FNHW-/.venv/lib/python3.14/site-packages/sklearn/linear_model/_ridge.py:266: UserWarning: Singular matrix in solving dual problem. Using least-squares solution instead.
  warnings.warn(
/Users/goni/OQI-Hackathon-2026----FNHW-/.venv/lib/python3.14/site-packages/sklearn/linear_model/_ridge.py:266: UserWarning: Singular matrix in solving dual problem. Using least-squares solution instead.
  warnings.warn(
/Users/goni/OQI-Hackathon-2026----FNHW-/.venv/lib/python3.14/site-packages/sklearn/linear_model/_ridge.py:266: UserWarning: Singular matrix in solving dual problem. Using least-squares solution instead.
  warnings.warn(
/Users/goni/OQI-Hackathon-2026----FNHW-/.venv/lib/python3.14/site-packages/sklearn/linear_model/_ridge.py:266: UserWarning: Singular matrix in solving dual problem. Using least-squares solution instead.
  warnings.warn(
/Users/goni/OQI-Hackathon-2026----FNHW-/.venv/lib/python3.14/site-packages/sklearn/linear_model/_ridge.py:266: UserWarning: Singular matrix in solving dual problem. Using least-squares solution instead.
  warnings.warn(
/Users/goni/OQI-Hackathon-2026----FNHW-/.venv/lib/python3.14/site-packages/sklearn/linear_model/_ridge.py:266: UserWarning: Singular matrix in solving dual problem. Using least-squares solution instead.
  warnings.warn(
/Users/goni/OQI-Hackathon-2026----FNHW-/.venv/lib/python3.14/site-packages/sklearn/linear_model/_ridge.py:266: UserWarning: Singular matrix in solving dual problem. Using least-squares solution instead.
  warnings.warn(
/Users/goni/OQI-Hackathon-2026----FNHW-/.venv/lib/python3.14/site-packages/sklearn/linear_model/_ridge.py:266: UserWarning: Singular matrix in solving dual problem. Using least-squares solution instead.
  warnings.warn(
/Users/goni/OQI-Hackathon-2026----FNHW-/.venv/lib/python3.14/site-packages/sklearn/linear_model/_ridge.py:266: UserWarning: Singular matrix in solving dual problem. Using least-squares solution instead.
  warnings.warn(
/Users/goni/OQI-Hackathon-2026----FNHW-/.venv/lib/python3.14/site-packages/sklearn/linear_model/_ridge.py:266: UserWarning: Singular matrix in solving dual problem. Using least-squares solution instead.
  warnings.warn(
/Users/goni/OQI-Hackathon-2026----FNHW-/.venv/lib/python3.14/site-packages/sklearn/linear_model/_ridge.py:266: UserWarning: Singular matrix in solving dual problem. Using least-squares solution instead.
  warnings.warn(
/Users/goni/OQI-Hackathon-2026----FNHW-/.venv/lib/python3.14/site-packages/sklearn/linear_model/_ridge.py:266: UserWarning: Singular matrix in solving dual problem. Using least-squares solution instead.
  warnings.warn(
/Users/goni/OQI-Hackathon-2026----FNHW-/.venv/lib/python3.14/site-packages/sklearn/linear_model/_ridge.py:266: UserWarning: Singular matrix in solving dual problem. Using least-squares solution instead.
  warnings.warn(
/Users/goni/OQI-Hackathon-2026----FNHW-/.venv/lib/python3.14/site-packages/sklearn/linear_model/_ridge.py:266: UserWarning: Singular matrix in solving dual problem. Using least-squares solution instead.
  warnings.warn(
/Users/goni/OQI-Hackathon-2026----FNHW-/.venv/lib/python3.14/site-packages/sklearn/linear_model/_ridge.py:266: UserWarning: Singular matrix in solving dual problem. Using least-squares solution instead.
  warnings.warn(
/Users/goni/OQI-Hackathon-2026----FNHW-/.venv/lib/python3.14/site-packages/sklearn/linear_model/_ridge.py:266: UserWarning: Singular matrix in solving dual problem. Using least-squares solution instead.
  warnings.warn(
/Users/goni/OQI-Hackathon-2026----FNHW-/.venv/lib/python3.14/site-packages/sklearn/linear_model/_ridge.py:266: UserWarning: Singular matrix in solving dual problem. Using least-squares solution instead.
  warnings.warn(
/Users/goni/OQI-Hackathon-2026----FNHW-/.venv/lib/python3.14/site-packages/sklearn/linear_model/_ridge.py:266: UserWarning: Singular matrix in solving dual problem. Using least-squares solution instead.
  warnings.warn(
/Users/goni/OQI-Hackathon-2026----FNHW-/.venv/lib/python3.14/site-packages/sklearn/linear_model/_ridge.py:266: UserWarning: Singular matrix in solving dual problem. Using least-squares solution instead.
  warnings.warn(
/Users/goni/OQI-Hackathon-2026----FNHW-/.venv/lib/python3.14/site-packages/sklearn/linear_model/_ridge.py:266: UserWarning: Singular matrix in solving dual problem. Using least-squares solution instead.
  warnings.warn(
18:33:57 | QK-KRR-trained fold fit | KTA_reg=0.3681 -> 0.4390 | alpha=0.1
/Users/goni/OQI-Hackathon-2026----FNHW-/.venv/lib/python3.14/site-packages/sklearn/linear_model/_ridge.py:266: UserWarning: Singular matrix in solving dual problem. Using least-squares solution instead.
  warnings.warn(
/Users/goni/OQI-Hackathon-2026----FNHW-/.venv/lib/python3.14/site-packages/sklearn/linear_model/_ridge.py:266: UserWarning: Singular matrix in solving dual problem. Using least-squares solution instead.
  warnings.warn(
/Users/goni/OQI-Hackathon-2026----FNHW-/.venv/lib/python3.14/site-packages/sklearn/linear_model/_ridge.py:266: UserWarning: Singular matrix in solving dual problem. Using least-squares solution instead.
  warnings.warn(
/Users/goni/OQI-Hackathon-2026----FNHW-/.venv/lib/python3.14/site-packages/sklearn/linear_model/_ridge.py:266: UserWarning: Singular matrix in solving dual problem. Using least-squares solution instead.
  warnings.warn(
/Users/goni/OQI-Hackathon-2026----FNHW-/.venv/lib/python3.14/site-packages/sklearn/linear_model/_ridge.py:266: UserWarning: Singular matrix in solving dual problem. Using least-squares solution instead.
  warnings.warn(
/Users/goni/OQI-Hackathon-2026----FNHW-/.venv/lib/python3.14/site-packages/sklearn/linear_model/_ridge.py:266: UserWarning: Singular matrix in solving dual problem. Using least-squares solution instead.
  warnings.warn(
/Users/goni/OQI-Hackathon-2026----FNHW-/.venv/lib/python3.14/site-packages/sklearn/linear_model/_ridge.py:266: UserWarning: Singular matrix in solving dual problem. Using least-squares solution instead.
  warnings.warn(
/Users/goni/OQI-Hackathon-2026----FNHW-/.venv/lib/python3.14/site-packages/sklearn/linear_model/_ridge.py:266: UserWarning: Singular matrix in solving dual problem. Using least-squares solution instead.
  warnings.warn(
/Users/goni/OQI-Hackathon-2026----FNHW-/.venv/lib/python3.14/site-packages/sklearn/linear_model/_ridge.py:266: UserWarning: Singular matrix in solving dual problem. Using least-squares solution instead.
  warnings.warn(
/Users/goni/OQI-Hackathon-2026----FNHW-/.venv/lib/python3.14/site-packages/sklearn/linear_model/_ridge.py:266: UserWarning: Singular matrix in solving dual problem. Using least-squares solution instead.
  warnings.warn(
/Users/goni/OQI-Hackathon-2026----FNHW-/.venv/lib/python3.14/site-packages/sklearn/linear_model/_ridge.py:266: UserWarning: Singular matrix in solving dual problem. Using least-squares solution instead.
  warnings.warn(
/Users/goni/OQI-Hackathon-2026----FNHW-/.venv/lib/python3.14/site-packages/sklearn/linear_model/_ridge.py:266: UserWarning: Singular matrix in solving dual problem. Using least-squares solution instead.
  warnings.warn(
/Users/goni/OQI-Hackathon-2026----FNHW-/.venv/lib/python3.14/site-packages/sklearn/linear_model/_ridge.py:266: UserWarning: Singular matrix in solving dual problem. Using least-squares solution instead.
  warnings.warn(
/Users/goni/OQI-Hackathon-2026----FNHW-/.venv/lib/python3.14/site-packages/sklearn/linear_model/_ridge.py:266: UserWarning: Singular matrix in solving dual problem. Using least-squares solution instead.
  warnings.warn(
/Users/goni/OQI-Hackathon-2026----FNHW-/.venv/lib/python3.14/site-packages/sklearn/linear_model/_ridge.py:266: UserWarning: Singular matrix in solving dual problem. Using least-squares solution instead.
  warnings.warn(
/Users/goni/OQI-Hackathon-2026----FNHW-/.venv/lib/python3.14/site-packages/sklearn/linear_model/_ridge.py:266: UserWarning: Singular matrix in solving dual problem. Using least-squares solution instead.
  warnings.warn(
/Users/goni/OQI-Hackathon-2026----FNHW-/.venv/lib/python3.14/site-packages/sklearn/linear_model/_ridge.py:266: UserWarning: Singular matrix in solving dual problem. Using least-squares solution instead.
  warnings.warn(
/Users/goni/OQI-Hackathon-2026----FNHW-/.venv/lib/python3.14/site-packages/sklearn/linear_model/_ridge.py:266: UserWarning: Singular matrix in solving dual problem. Using least-squares solution instead.
  warnings.warn(
/Users/goni/OQI-Hackathon-2026----FNHW-/.venv/lib/python3.14/site-packages/sklearn/linear_model/_ridge.py:266: UserWarning: Singular matrix in solving dual problem. Using least-squares solution instead.
  warnings.warn(
/Users/goni/OQI-Hackathon-2026----FNHW-/.venv/lib/python3.14/site-packages/sklearn/linear_model/_ridge.py:266: UserWarning: Singular matrix in solving dual problem. Using least-squares solution instead.
  warnings.warn(
/Users/goni/OQI-Hackathon-2026----FNHW-/.venv/lib/python3.14/site-packages/sklearn/linear_model/_ridge.py:266: UserWarning: Singular matrix in solving dual problem. Using least-squares solution instead.
  warnings.warn(
/Users/goni/OQI-Hackathon-2026----FNHW-/.venv/lib/python3.14/site-packages/sklearn/linear_model/_ridge.py:266: UserWarning: Singular matrix in solving dual problem. Using least-squares solution instead.
  warnings.warn(
/Users/goni/OQI-Hackathon-2026----FNHW-/.venv/lib/python3.14/site-packages/sklearn/linear_model/_ridge.py:266: UserWarning: Singular matrix in solving dual problem. Using least-squares solution instead.
  warnings.warn(
/Users/goni/OQI-Hackathon-2026----FNHW-/.venv/lib/python3.14/site-packages/sklearn/linear_model/_ridge.py:266: UserWarning: Singular matrix in solving dual problem. Using least-squares solution instead.
  warnings.warn(
18:34:37 | QK-KRR-trained fold fit | KTA_reg=0.3684 -> 0.5599 | alpha=1
/Users/goni/OQI-Hackathon-2026----FNHW-/.venv/lib/python3.14/site-packages/sklearn/linear_model/_ridge.py:266: UserWarning: Singular matrix in solving dual problem. Using least-squares solution instead.
  warnings.warn(
/Users/goni/OQI-Hackathon-2026----FNHW-/.venv/lib/python3.14/site-packages/sklearn/linear_model/_ridge.py:266: UserWarning: Singular matrix in solving dual problem. Using least-squares solution instead.
  warnings.warn(
/Users/goni/OQI-Hackathon-2026----FNHW-/.venv/lib/python3.14/site-packages/sklearn/linear_model/_ridge.py:266: UserWarning: Singular matrix in solving dual problem. Using least-squares solution instead.
  warnings.warn(
/Users/goni/OQI-Hackathon-2026----FNHW-/.venv/lib/python3.14/site-packages/sklearn/linear_model/_ridge.py:266: UserWarning: Singular matrix in solving dual problem. Using least-squares solution instead.
  warnings.warn(
/Users/goni/OQI-Hackathon-2026----FNHW-/.venv/lib/python3.14/site-packages/sklearn/linear_model/_ridge.py:266: UserWarning: Singular matrix in solving dual problem. Using least-squares solution instead.
  warnings.warn(
/Users/goni/OQI-Hackathon-2026----FNHW-/.venv/lib/python3.14/site-packages/sklearn/linear_model/_ridge.py:266: UserWarning: Singular matrix in solving dual problem. Using least-squares solution instead.
  warnings.warn(
/Users/goni/OQI-Hackathon-2026----FNHW-/.venv/lib/python3.14/site-packages/sklearn/linear_model/_ridge.py:266: UserWarning: Singular matrix in solving dual problem. Using least-squares solution instead.
  warnings.warn(
/Users/goni/OQI-Hackathon-2026----FNHW-/.venv/lib/python3.14/site-packages/sklearn/linear_model/_ridge.py:266: UserWarning: Singular matrix in solving dual problem. Using least-squares solution instead.
  warnings.warn(
/Users/goni/OQI-Hackathon-2026----FNHW-/.venv/lib/python3.14/site-packages/sklearn/linear_model/_ridge.py:266: UserWarning: Singular matrix in solving dual problem. Using least-squares solution instead.
  warnings.warn(
/Users/goni/OQI-Hackathon-2026----FNHW-/.venv/lib/python3.14/site-packages/sklearn/linear_model/_ridge.py:266: UserWarning: Singular matrix in solving dual problem. Using least-squares solution instead.
  warnings.warn(
/Users/goni/OQI-Hackathon-2026----FNHW-/.venv/lib/python3.14/site-packages/sklearn/linear_model/_ridge.py:266: UserWarning: Singular matrix in solving dual problem. Using least-squares solution instead.
  warnings.warn(
/Users/goni/OQI-Hackathon-2026----FNHW-/.venv/lib/python3.14/site-packages/sklearn/linear_model/_ridge.py:266: UserWarning: Singular matrix in solving dual problem. Using least-squares solution instead.
  warnings.warn(
/Users/goni/OQI-Hackathon-2026----FNHW-/.venv/lib/python3.14/site-packages/sklearn/linear_model/_ridge.py:266: UserWarning: Singular matrix in solving dual problem. Using least-squares solution instead.
  warnings.warn(
/Users/goni/OQI-Hackathon-2026----FNHW-/.venv/lib/python3.14/site-packages/sklearn/linear_model/_ridge.py:266: UserWarning: Singular matrix in solving dual problem. Using least-squares solution instead.
  warnings.warn(
/Users/goni/OQI-Hackathon-2026----FNHW-/.venv/lib/python3.14/site-packages/sklearn/linear_model/_ridge.py:266: UserWarning: Singular matrix in solving dual problem. Using least-squares solution instead.
  warnings.warn(
/Users/goni/OQI-Hackathon-2026----FNHW-/.venv/lib/python3.14/site-packages/sklearn/linear_model/_ridge.py:266: UserWarning: Singular matrix in solving dual problem. Using least-squares solution instead.
  warnings.warn(
/Users/goni/OQI-Hackathon-2026----FNHW-/.venv/lib/python3.14/site-packages/sklearn/linear_model/_ridge.py:266: UserWarning: Singular matrix in solving dual problem. Using least-squares solution instead.
  warnings.warn(
/Users/goni/OQI-Hackathon-2026----FNHW-/.venv/lib/python3.14/site-packages/sklearn/linear_model/_ridge.py:266: UserWarning: Singular matrix in solving dual problem. Using least-squares solution instead.
  warnings.warn(
/Users/goni/OQI-Hackathon-2026----FNHW-/.venv/lib/python3.14/site-packages/sklearn/linear_model/_ridge.py:266: UserWarning: Singular matrix in solving dual problem. Using least-squares solution instead.
  warnings.warn(
/Users/goni/OQI-Hackathon-2026----FNHW-/.venv/lib/python3.14/site-packages/sklearn/linear_model/_ridge.py:266: UserWarning: Singular matrix in solving dual problem. Using least-squares solution instead.
  warnings.warn(
/Users/goni/OQI-Hackathon-2026----FNHW-/.venv/lib/python3.14/site-packages/sklearn/linear_model/_ridge.py:266: UserWarning: Singular matrix in solving dual problem. Using least-squares solution instead.
  warnings.warn(
/Users/goni/OQI-Hackathon-2026----FNHW-/.venv/lib/python3.14/site-packages/sklearn/linear_model/_ridge.py:266: UserWarning: Singular matrix in solving dual problem. Using least-squares solution instead.
  warnings.warn(
/Users/goni/OQI-Hackathon-2026----FNHW-/.venv/lib/python3.14/site-packages/sklearn/linear_model/_ridge.py:266: UserWarning: Singular matrix in solving dual problem. Using least-squares solution instead.
  warnings.warn(
18:35:18 | QK-KRR-trained fold fit | KTA_reg=0.3788 -> 0.5487 | alpha=1
/Users/goni/OQI-Hackathon-2026----FNHW-/.venv/lib/python3.14/site-packages/sklearn/linear_model/_ridge.py:266: UserWarning: Singular matrix in solving dual problem. Using least-squares solution instead.
  warnings.warn(
/Users/goni/OQI-Hackathon-2026----FNHW-/.venv/lib/python3.14/site-packages/sklearn/linear_model/_ridge.py:266: UserWarning: Singular matrix in solving dual problem. Using least-squares solution instead.
  warnings.warn(
/Users/goni/OQI-Hackathon-2026----FNHW-/.venv/lib/python3.14/site-packages/sklearn/linear_model/_ridge.py:266: UserWarning: Singular matrix in solving dual problem. Using least-squares solution instead.
  warnings.warn(
/Users/goni/OQI-Hackathon-2026----FNHW-/.venv/lib/python3.14/site-packages/sklearn/linear_model/_ridge.py:266: UserWarning: Singular matrix in solving dual problem. Using least-squares solution instead.
  warnings.warn(
/Users/goni/OQI-Hackathon-2026----FNHW-/.venv/lib/python3.14/site-packages/sklearn/linear_model/_ridge.py:266: UserWarning: Singular matrix in solving dual problem. Using least-squares solution instead.
  warnings.warn(
/Users/goni/OQI-Hackathon-2026----FNHW-/.venv/lib/python3.14/site-packages/sklearn/linear_model/_ridge.py:266: UserWarning: Singular matrix in solving dual problem. Using least-squares solution instead.
  warnings.warn(
/Users/goni/OQI-Hackathon-2026----FNHW-/.venv/lib/python3.14/site-packages/sklearn/linear_model/_ridge.py:266: UserWarning: Singular matrix in solving dual problem. Using least-squares solution instead.
  warnings.warn(
/Users/goni/OQI-Hackathon-2026----FNHW-/.venv/lib/python3.14/site-packages/sklearn/linear_model/_ridge.py:266: UserWarning: Singular matrix in solving dual problem. Using least-squares solution instead.
  warnings.warn(
/Users/goni/OQI-Hackathon-2026----FNHW-/.venv/lib/python3.14/site-packages/sklearn/linear_model/_ridge.py:266: UserWarning: Singular matrix in solving dual problem. Using least-squares solution instead.
  warnings.warn(
/Users/goni/OQI-Hackathon-2026----FNHW-/.venv/lib/python3.14/site-packages/sklearn/linear_model/_ridge.py:266: UserWarning: Singular matrix in solving dual problem. Using least-squares solution instead.
  warnings.warn(
/Users/goni/OQI-Hackathon-2026----FNHW-/.venv/lib/python3.14/site-packages/sklearn/linear_model/_ridge.py:266: UserWarning: Singular matrix in solving dual problem. Using least-squares solution instead.
  warnings.warn(
/Users/goni/OQI-Hackathon-2026----FNHW-/.venv/lib/python3.14/site-packages/sklearn/linear_model/_ridge.py:266: UserWarning: Singular matrix in solving dual problem. Using least-squares solution instead.
  warnings.warn(
/Users/goni/OQI-Hackathon-2026----FNHW-/.venv/lib/python3.14/site-packages/sklearn/linear_model/_ridge.py:266: UserWarning: Singular matrix in solving dual problem. Using least-squares solution instead.
  warnings.warn(
/Users/goni/OQI-Hackathon-2026----FNHW-/.venv/lib/python3.14/site-packages/sklearn/linear_model/_ridge.py:266: UserWarning: Singular matrix in solving dual problem. Using least-squares solution instead.
  warnings.warn(
/Users/goni/OQI-Hackathon-2026----FNHW-/.venv/lib/python3.14/site-packages/sklearn/linear_model/_ridge.py:266: UserWarning: Singular matrix in solving dual problem. Using least-squares solution instead.
  warnings.warn(
/Users/goni/OQI-Hackathon-2026----FNHW-/.venv/lib/python3.14/site-packages/sklearn/linear_model/_ridge.py:266: UserWarning: Singular matrix in solving dual problem. Using least-squares solution instead.
  warnings.warn(
/Users/goni/OQI-Hackathon-2026----FNHW-/.venv/lib/python3.14/site-packages/sklearn/linear_model/_ridge.py:266: UserWarning: Singular matrix in solving dual problem. Using least-squares solution instead.
  warnings.warn(
/Users/goni/OQI-Hackathon-2026----FNHW-/.venv/lib/python3.14/site-packages/sklearn/linear_model/_ridge.py:266: UserWarning: Singular matrix in solving dual problem. Using least-squares solution instead.
  warnings.warn(
/Users/goni/OQI-Hackathon-2026----FNHW-/.venv/lib/python3.14/site-packages/sklearn/linear_model/_ridge.py:266: UserWarning: Singular matrix in solving dual problem. Using least-squares solution instead.
  warnings.warn(
/Users/goni/OQI-Hackathon-2026----FNHW-/.venv/lib/python3.14/site-packages/sklearn/linear_model/_ridge.py:266: UserWarning: Singular matrix in solving dual problem. Using least-squares solution instead.
  warnings.warn(
/Users/goni/OQI-Hackathon-2026----FNHW-/.venv/lib/python3.14/site-packages/sklearn/linear_model/_ridge.py:266: UserWarning: Singular matrix in solving dual problem. Using least-squares solution instead.
  warnings.warn(
/Users/goni/OQI-Hackathon-2026----FNHW-/.venv/lib/python3.14/site-packages/sklearn/linear_model/_ridge.py:266: UserWarning: Singular matrix in solving dual problem. Using least-squares solution instead.
  warnings.warn(
/Users/goni/OQI-Hackathon-2026----FNHW-/.venv/lib/python3.14/site-packages/sklearn/linear_model/_ridge.py:266: UserWarning: Singular matrix in solving dual problem. Using least-squares solution instead.
  warnings.warn(
/Users/goni/OQI-Hackathon-2026----FNHW-/.venv/lib/python3.14/site-packages/sklearn/linear_model/_ridge.py:266: UserWarning: Singular matrix in solving dual problem. Using least-squares solution instead.
  warnings.warn(
18:46:45 | QK-KRR-trained fold fit | KTA_reg=0.3819 -> 0.5498 | alpha=1
/Users/goni/OQI-Hackathon-2026----FNHW-/.venv/lib/python3.14/site-packages/sklearn/linear_model/_ridge.py:266: UserWarning: Singular matrix in solving dual problem. Using least-squares solution instead.
  warnings.warn(
/Users/goni/OQI-Hackathon-2026----FNHW-/.venv/lib/python3.14/site-packages/sklearn/linear_model/_ridge.py:266: UserWarning: Singular matrix in solving dual problem. Using least-squares solution instead.
  warnings.warn(
/Users/goni/OQI-Hackathon-2026----FNHW-/.venv/lib/python3.14/site-packages/sklearn/linear_model/_ridge.py:266: UserWarning: Singular matrix in solving dual problem. Using least-squares solution instead.
  warnings.warn(
/Users/goni/OQI-Hackathon-2026----FNHW-/.venv/lib/python3.14/site-packages/sklearn/linear_model/_ridge.py:266: UserWarning: Singular matrix in solving dual problem. Using least-squares solution instead.
  warnings.warn(
/Users/goni/OQI-Hackathon-2026----FNHW-/.venv/lib/python3.14/site-packages/sklearn/linear_model/_ridge.py:266: UserWarning: Singular matrix in solving dual problem. Using least-squares solution instead.
  warnings.warn(
/Users/goni/OQI-Hackathon-2026----FNHW-/.venv/lib/python3.14/site-packages/sklearn/linear_model/_ridge.py:266: UserWarning: Singular matrix in solving dual problem. Using least-squares solution instead.
  warnings.warn(
/Users/goni/OQI-Hackathon-2026----FNHW-/.venv/lib/python3.14/site-packages/sklearn/linear_model/_ridge.py:266: UserWarning: Singular matrix in solving dual problem. Using least-squares solution instead.
  warnings.warn(
/Users/goni/OQI-Hackathon-2026----FNHW-/.venv/lib/python3.14/site-packages/sklearn/linear_model/_ridge.py:266: UserWarning: Singular matrix in solving dual problem. Using least-squares solution instead.
  warnings.warn(
/Users/goni/OQI-Hackathon-2026----FNHW-/.venv/lib/python3.14/site-packages/sklearn/linear_model/_ridge.py:266: UserWarning: Singular matrix in solving dual problem. Using least-squares solution instead.
  warnings.warn(
/Users/goni/OQI-Hackathon-2026----FNHW-/.venv/lib/python3.14/site-packages/sklearn/linear_model/_ridge.py:266: UserWarning: Singular matrix in solving dual problem. Using least-squares solution instead.
  warnings.warn(
/Users/goni/OQI-Hackathon-2026----FNHW-/.venv/lib/python3.14/site-packages/sklearn/linear_model/_ridge.py:266: UserWarning: Singular matrix in solving dual problem. Using least-squares solution instead.
  warnings.warn(
/Users/goni/OQI-Hackathon-2026----FNHW-/.venv/lib/python3.14/site-packages/sklearn/linear_model/_ridge.py:266: UserWarning: Singular matrix in solving dual problem. Using least-squares solution instead.
  warnings.warn(
/Users/goni/OQI-Hackathon-2026----FNHW-/.venv/lib/python3.14/site-packages/sklearn/linear_model/_ridge.py:266: UserWarning: Singular matrix in solving dual problem. Using least-squares solution instead.
  warnings.warn(
/Users/goni/OQI-Hackathon-2026----FNHW-/.venv/lib/python3.14/site-packages/sklearn/linear_model/_ridge.py:266: UserWarning: Singular matrix in solving dual problem. Using least-squares solution instead.
  warnings.warn(
/Users/goni/OQI-Hackathon-2026----FNHW-/.venv/lib/python3.14/site-packages/sklearn/linear_model/_ridge.py:266: UserWarning: Singular matrix in solving dual problem. Using least-squares solution instead.
  warnings.warn(
/Users/goni/OQI-Hackathon-2026----FNHW-/.venv/lib/python3.14/site-packages/sklearn/linear_model/_ridge.py:266: UserWarning: Singular matrix in solving dual problem. Using least-squares solution instead.
  warnings.warn(
/Users/goni/OQI-Hackathon-2026----FNHW-/.venv/lib/python3.14/site-packages/sklearn/linear_model/_ridge.py:266: UserWarning: Singular matrix in solving dual problem. Using least-squares solution instead.
  warnings.warn(
/Users/goni/OQI-Hackathon-2026----FNHW-/.venv/lib/python3.14/site-packages/sklearn/linear_model/_ridge.py:266: UserWarning: Singular matrix in solving dual problem. Using least-squares solution instead.
  warnings.warn(
/Users/goni/OQI-Hackathon-2026----FNHW-/.venv/lib/python3.14/site-packages/sklearn/linear_model/_ridge.py:266: UserWarning: Singular matrix in solving dual problem. Using least-squares solution instead.
  warnings.warn(
/Users/goni/OQI-Hackathon-2026----FNHW-/.venv/lib/python3.14/site-packages/sklearn/linear_model/_ridge.py:266: UserWarning: Singular matrix in solving dual problem. Using least-squares solution instead.
  warnings.warn(
/Users/goni/OQI-Hackathon-2026----FNHW-/.venv/lib/python3.14/site-packages/sklearn/linear_model/_ridge.py:266: UserWarning: Singular matrix in solving dual problem. Using least-squares solution instead.
  warnings.warn(
/Users/goni/OQI-Hackathon-2026----FNHW-/.venv/lib/python3.14/site-packages/sklearn/linear_model/_ridge.py:266: UserWarning: Singular matrix in solving dual problem. Using least-squares solution instead.
  warnings.warn(
18:47:22 | QK-KRR-trained fold fit | KTA_reg=0.3888 -> 0.5409 | alpha=0.1
/Users/goni/OQI-Hackathon-2026----FNHW-/.venv/lib/python3.14/site-packages/sklearn/linear_model/_ridge.py:266: UserWarning: Singular matrix in solving dual problem. Using least-squares solution instead.
  warnings.warn(
/Users/goni/OQI-Hackathon-2026----FNHW-/.venv/lib/python3.14/site-packages/sklearn/linear_model/_ridge.py:266: UserWarning: Singular matrix in solving dual problem. Using least-squares solution instead.
  warnings.warn(
/Users/goni/OQI-Hackathon-2026----FNHW-/.venv/lib/python3.14/site-packages/sklearn/linear_model/_ridge.py:266: UserWarning: Singular matrix in solving dual problem. Using least-squares solution instead.
  warnings.warn(
/Users/goni/OQI-Hackathon-2026----FNHW-/.venv/lib/python3.14/site-packages/sklearn/linear_model/_ridge.py:266: UserWarning: Singular matrix in solving dual problem. Using least-squares solution instead.
  warnings.warn(
/Users/goni/OQI-Hackathon-2026----FNHW-/.venv/lib/python3.14/site-packages/sklearn/linear_model/_ridge.py:266: UserWarning: Singular matrix in solving dual problem. Using least-squares solution instead.
  warnings.warn(
/Users/goni/OQI-Hackathon-2026----FNHW-/.venv/lib/python3.14/site-packages/sklearn/linear_model/_ridge.py:266: UserWarning: Singular matrix in solving dual problem. Using least-squares solution instead.
  warnings.warn(
/Users/goni/OQI-Hackathon-2026----FNHW-/.venv/lib/python3.14/site-packages/sklearn/linear_model/_ridge.py:266: UserWarning: Singular matrix in solving dual problem. Using least-squares solution instead.
  warnings.warn(
/Users/goni/OQI-Hackathon-2026----FNHW-/.venv/lib/python3.14/site-packages/sklearn/linear_model/_ridge.py:266: UserWarning: Singular matrix in solving dual problem. Using least-squares solution instead.
  warnings.warn(
/Users/goni/OQI-Hackathon-2026----FNHW-/.venv/lib/python3.14/site-packages/sklearn/linear_model/_ridge.py:266: UserWarning: Singular matrix in solving dual problem. Using least-squares solution instead.
  warnings.warn(
/Users/goni/OQI-Hackathon-2026----FNHW-/.venv/lib/python3.14/site-packages/sklearn/linear_model/_ridge.py:266: UserWarning: Singular matrix in solving dual problem. Using least-squares solution instead.
  warnings.warn(
/Users/goni/OQI-Hackathon-2026----FNHW-/.venv/lib/python3.14/site-packages/sklearn/linear_model/_ridge.py:266: UserWarning: Singular matrix in solving dual problem. Using least-squares solution instead.
  warnings.warn(
/Users/goni/OQI-Hackathon-2026----FNHW-/.venv/lib/python3.14/site-packages/sklearn/linear_model/_ridge.py:266: UserWarning: Singular matrix in solving dual problem. Using least-squares solution instead.
  warnings.warn(
/Users/goni/OQI-Hackathon-2026----FNHW-/.venv/lib/python3.14/site-packages/sklearn/linear_model/_ridge.py:266: UserWarning: Singular matrix in solving dual problem. Using least-squares solution instead.
  warnings.warn(
/Users/goni/OQI-Hackathon-2026----FNHW-/.venv/lib/python3.14/site-packages/sklearn/linear_model/_ridge.py:266: UserWarning: Singular matrix in solving dual problem. Using least-squares solution instead.
  warnings.warn(
/Users/goni/OQI-Hackathon-2026----FNHW-/.venv/lib/python3.14/site-packages/sklearn/linear_model/_ridge.py:266: UserWarning: Singular matrix in solving dual problem. Using least-squares solution instead.
  warnings.warn(
/Users/goni/OQI-Hackathon-2026----FNHW-/.venv/lib/python3.14/site-packages/sklearn/linear_model/_ridge.py:266: UserWarning: Singular matrix in solving dual problem. Using least-squares solution instead.
  warnings.warn(
/Users/goni/OQI-Hackathon-2026----FNHW-/.venv/lib/python3.14/site-packages/sklearn/linear_model/_ridge.py:266: UserWarning: Singular matrix in solving dual problem. Using least-squares solution instead.
  warnings.warn(
/Users/goni/OQI-Hackathon-2026----FNHW-/.venv/lib/python3.14/site-packages/sklearn/linear_model/_ridge.py:266: UserWarning: Singular matrix in solving dual problem. Using least-squares solution instead.
  warnings.warn(
/Users/goni/OQI-Hackathon-2026----FNHW-/.venv/lib/python3.14/site-packages/sklearn/linear_model/_ridge.py:266: UserWarning: Singular matrix in solving dual problem. Using least-squares solution instead.
  warnings.warn(
/Users/goni/OQI-Hackathon-2026----FNHW-/.venv/lib/python3.14/site-packages/sklearn/linear_model/_ridge.py:266: UserWarning: Singular matrix in solving dual problem. Using least-squares solution instead.
  warnings.warn(
/Users/goni/OQI-Hackathon-2026----FNHW-/.venv/lib/python3.14/site-packages/sklearn/linear_model/_ridge.py:266: UserWarning: Singular matrix in solving dual problem. Using least-squares solution instead.
  warnings.warn(
/Users/goni/OQI-Hackathon-2026----FNHW-/.venv/lib/python3.14/site-packages/sklearn/linear_model/_ridge.py:266: UserWarning: Singular matrix in solving dual problem. Using least-squares solution instead.
  warnings.warn(
/Users/goni/OQI-Hackathon-2026----FNHW-/.venv/lib/python3.14/site-packages/sklearn/linear_model/_ridge.py:266: UserWarning: Singular matrix in solving dual problem. Using least-squares solution instead.
  warnings.warn(
/Users/goni/OQI-Hackathon-2026----FNHW-/.venv/lib/python3.14/site-packages/sklearn/linear_model/_ridge.py:266: UserWarning: Singular matrix in solving dual problem. Using least-squares solution instead.
  warnings.warn(
/Users/goni/OQI-Hackathon-2026----FNHW-/.venv/lib/python3.14/site-packages/sklearn/linear_model/_ridge.py:266: UserWarning: Singular matrix in solving dual problem. Using least-squares solution instead.
  warnings.warn(
18:47:59 | QK-KRR-trained fold fit | KTA_reg=0.3872 -> 0.5301 | alpha=1
/Users/goni/OQI-Hackathon-2026----FNHW-/.venv/lib/python3.14/site-packages/sklearn/linear_model/_ridge.py:266: UserWarning: Singular matrix in solving dual problem. Using least-squares solution instead.
  warnings.warn(
/Users/goni/OQI-Hackathon-2026----FNHW-/.venv/lib/python3.14/site-packages/sklearn/linear_model/_ridge.py:266: UserWarning: Singular matrix in solving dual problem. Using least-squares solution instead.
  warnings.warn(
/Users/goni/OQI-Hackathon-2026----FNHW-/.venv/lib/python3.14/site-packages/sklearn/linear_model/_ridge.py:266: UserWarning: Singular matrix in solving dual problem. Using least-squares solution instead.
  warnings.warn(
/Users/goni/OQI-Hackathon-2026----FNHW-/.venv/lib/python3.14/site-packages/sklearn/linear_model/_ridge.py:266: UserWarning: Singular matrix in solving dual problem. Using least-squares solution instead.
  warnings.warn(
/Users/goni/OQI-Hackathon-2026----FNHW-/.venv/lib/python3.14/site-packages/sklearn/linear_model/_ridge.py:266: UserWarning: Singular matrix in solving dual problem. Using least-squares solution instead.
  warnings.warn(
/Users/goni/OQI-Hackathon-2026----FNHW-/.venv/lib/python3.14/site-packages/sklearn/linear_model/_ridge.py:266: UserWarning: Singular matrix in solving dual problem. Using least-squares solution instead.
  warnings.warn(
/Users/goni/OQI-Hackathon-2026----FNHW-/.venv/lib/python3.14/site-packages/sklearn/linear_model/_ridge.py:266: UserWarning: Singular matrix in solving dual problem. Using least-squares solution instead.
  warnings.warn(
/Users/goni/OQI-Hackathon-2026----FNHW-/.venv/lib/python3.14/site-packages/sklearn/linear_model/_ridge.py:266: UserWarning: Singular matrix in solving dual problem. Using least-squares solution instead.
  warnings.warn(
/Users/goni/OQI-Hackathon-2026----FNHW-/.venv/lib/python3.14/site-packages/sklearn/linear_model/_ridge.py:266: UserWarning: Singular matrix in solving dual problem. Using least-squares solution instead.
  warnings.warn(
/Users/goni/OQI-Hackathon-2026----FNHW-/.venv/lib/python3.14/site-packages/sklearn/linear_model/_ridge.py:266: UserWarning: Singular matrix in solving dual problem. Using least-squares solution instead.
  warnings.warn(
/Users/goni/OQI-Hackathon-2026----FNHW-/.venv/lib/python3.14/site-packages/sklearn/linear_model/_ridge.py:266: UserWarning: Singular matrix in solving dual problem. Using least-squares solution instead.
  warnings.warn(
/Users/goni/OQI-Hackathon-2026----FNHW-/.venv/lib/python3.14/site-packages/sklearn/linear_model/_ridge.py:266: UserWarning: Singular matrix in solving dual problem. Using least-squares solution instead.
  warnings.warn(
/Users/goni/OQI-Hackathon-2026----FNHW-/.venv/lib/python3.14/site-packages/sklearn/linear_model/_ridge.py:266: UserWarning: Singular matrix in solving dual problem. Using least-squares solution instead.
  warnings.warn(
/Users/goni/OQI-Hackathon-2026----FNHW-/.venv/lib/python3.14/site-packages/sklearn/linear_model/_ridge.py:266: UserWarning: Singular matrix in solving dual problem. Using least-squares solution instead.
  warnings.warn(
/Users/goni/OQI-Hackathon-2026----FNHW-/.venv/lib/python3.14/site-packages/sklearn/linear_model/_ridge.py:266: UserWarning: Singular matrix in solving dual problem. Using least-squares solution instead.
  warnings.warn(
/Users/goni/OQI-Hackathon-2026----FNHW-/.venv/lib/python3.14/site-packages/sklearn/linear_model/_ridge.py:266: UserWarning: Singular matrix in solving dual problem. Using least-squares solution instead.
  warnings.warn(
/Users/goni/OQI-Hackathon-2026----FNHW-/.venv/lib/python3.14/site-packages/sklearn/linear_model/_ridge.py:266: UserWarning: Singular matrix in solving dual problem. Using least-squares solution instead.
  warnings.warn(
/Users/goni/OQI-Hackathon-2026----FNHW-/.venv/lib/python3.14/site-packages/sklearn/linear_model/_ridge.py:266: UserWarning: Singular matrix in solving dual problem. Using least-squares solution instead.
  warnings.warn(
/Users/goni/OQI-Hackathon-2026----FNHW-/.venv/lib/python3.14/site-packages/sklearn/linear_model/_ridge.py:266: UserWarning: Singular matrix in solving dual problem. Using least-squares solution instead.
  warnings.warn(
/Users/goni/OQI-Hackathon-2026----FNHW-/.venv/lib/python3.14/site-packages/sklearn/linear_model/_ridge.py:266: UserWarning: Singular matrix in solving dual problem. Using least-squares solution instead.
  warnings.warn(
/Users/goni/OQI-Hackathon-2026----FNHW-/.venv/lib/python3.14/site-packages/sklearn/linear_model/_ridge.py:266: UserWarning: Singular matrix in solving dual problem. Using least-squares solution instead.
  warnings.warn(
/Users/goni/OQI-Hackathon-2026----FNHW-/.venv/lib/python3.14/site-packages/sklearn/linear_model/_ridge.py:266: UserWarning: Singular matrix in solving dual problem. Using least-squares solution instead.
  warnings.warn(
/Users/goni/OQI-Hackathon-2026----FNHW-/.venv/lib/python3.14/site-packages/sklearn/linear_model/_ridge.py:266: UserWarning: Singular matrix in solving dual problem. Using least-squares solution instead.
  warnings.warn(
/Users/goni/OQI-Hackathon-2026----FNHW-/.venv/lib/python3.14/site-packages/sklearn/linear_model/_ridge.py:266: UserWarning: Singular matrix in solving dual problem. Using least-squares solution instead.
  warnings.warn(
/Users/goni/OQI-Hackathon-2026----FNHW-/.venv/lib/python3.14/site-packages/sklearn/linear_model/_ridge.py:266: UserWarning: Singular matrix in solving dual problem. Using least-squares solution instead.
  warnings.warn(
/Users/goni/OQI-Hackathon-2026----FNHW-/.venv/lib/python3.14/site-packages/sklearn/linear_model/_ridge.py:266: UserWarning: Singular matrix in solving dual problem. Using least-squares solution instead.
  warnings.warn(
18:48:40 | QK-KRR-trained fold fit | KTA_reg=0.3876 -> 0.4746 | alpha=0.1
/Users/goni/OQI-Hackathon-2026----FNHW-/.venv/lib/python3.14/site-packages/sklearn/linear_model/_ridge.py:266: UserWarning: Singular matrix in solving dual problem. Using least-squares solution instead.
  warnings.warn(
/Users/goni/OQI-Hackathon-2026----FNHW-/.venv/lib/python3.14/site-packages/sklearn/linear_model/_ridge.py:266: UserWarning: Singular matrix in solving dual problem. Using least-squares solution instead.
  warnings.warn(
/Users/goni/OQI-Hackathon-2026----FNHW-/.venv/lib/python3.14/site-packages/sklearn/linear_model/_ridge.py:266: UserWarning: Singular matrix in solving dual problem. Using least-squares solution instead.
  warnings.warn(
/Users/goni/OQI-Hackathon-2026----FNHW-/.venv/lib/python3.14/site-packages/sklearn/linear_model/_ridge.py:266: UserWarning: Singular matrix in solving dual problem. Using least-squares solution instead.
  warnings.warn(
/Users/goni/OQI-Hackathon-2026----FNHW-/.venv/lib/python3.14/site-packages/sklearn/linear_model/_ridge.py:266: UserWarning: Singular matrix in solving dual problem. Using least-squares solution instead.
  warnings.warn(
/Users/goni/OQI-Hackathon-2026----FNHW-/.venv/lib/python3.14/site-packages/sklearn/linear_model/_ridge.py:266: UserWarning: Singular matrix in solving dual problem. Using least-squares solution instead.
  warnings.warn(
/Users/goni/OQI-Hackathon-2026----FNHW-/.venv/lib/python3.14/site-packages/sklearn/linear_model/_ridge.py:266: UserWarning: Singular matrix in solving dual problem. Using least-squares solution instead.
  warnings.warn(
/Users/goni/OQI-Hackathon-2026----FNHW-/.venv/lib/python3.14/site-packages/sklearn/linear_model/_ridge.py:266: UserWarning: Singular matrix in solving dual problem. Using least-squares solution instead.
  warnings.warn(
/Users/goni/OQI-Hackathon-2026----FNHW-/.venv/lib/python3.14/site-packages/sklearn/linear_model/_ridge.py:266: UserWarning: Singular matrix in solving dual problem. Using least-squares solution instead.
  warnings.warn(
/Users/goni/OQI-Hackathon-2026----FNHW-/.venv/lib/python3.14/site-packages/sklearn/linear_model/_ridge.py:266: UserWarning: Singular matrix in solving dual problem. Using least-squares solution instead.
  warnings.warn(
/Users/goni/OQI-Hackathon-2026----FNHW-/.venv/lib/python3.14/site-packages/sklearn/linear_model/_ridge.py:266: UserWarning: Singular matrix in solving dual problem. Using least-squares solution instead.
  warnings.warn(
/Users/goni/OQI-Hackathon-2026----FNHW-/.venv/lib/python3.14/site-packages/sklearn/linear_model/_ridge.py:266: UserWarning: Singular matrix in solving dual problem. Using least-squares solution instead.
  warnings.warn(
/Users/goni/OQI-Hackathon-2026----FNHW-/.venv/lib/python3.14/site-packages/sklearn/linear_model/_ridge.py:266: UserWarning: Singular matrix in solving dual problem. Using least-squares solution instead.
  warnings.warn(
/Users/goni/OQI-Hackathon-2026----FNHW-/.venv/lib/python3.14/site-packages/sklearn/linear_model/_ridge.py:266: UserWarning: Singular matrix in solving dual problem. Using least-squares solution instead.
  warnings.warn(
/Users/goni/OQI-Hackathon-2026----FNHW-/.venv/lib/python3.14/site-packages/sklearn/linear_model/_ridge.py:266: UserWarning: Singular matrix in solving dual problem. Using least-squares solution instead.
  warnings.warn(
/Users/goni/OQI-Hackathon-2026----FNHW-/.venv/lib/python3.14/site-packages/sklearn/linear_model/_ridge.py:266: UserWarning: Singular matrix in solving dual problem. Using least-squares solution instead.
  warnings.warn(
/Users/goni/OQI-Hackathon-2026----FNHW-/.venv/lib/python3.14/site-packages/sklearn/linear_model/_ridge.py:266: UserWarning: Singular matrix in solving dual problem. Using least-squares solution instead.
  warnings.warn(
/Users/goni/OQI-Hackathon-2026----FNHW-/.venv/lib/python3.14/site-packages/sklearn/linear_model/_ridge.py:266: UserWarning: Singular matrix in solving dual problem. Using least-squares solution instead.
  warnings.warn(
/Users/goni/OQI-Hackathon-2026----FNHW-/.venv/lib/python3.14/site-packages/sklearn/linear_model/_ridge.py:266: UserWarning: Singular matrix in solving dual problem. Using least-squares solution instead.
  warnings.warn(
/Users/goni/OQI-Hackathon-2026----FNHW-/.venv/lib/python3.14/site-packages/sklearn/linear_model/_ridge.py:266: UserWarning: Singular matrix in solving dual problem. Using least-squares solution instead.
  warnings.warn(
/Users/goni/OQI-Hackathon-2026----FNHW-/.venv/lib/python3.14/site-packages/sklearn/linear_model/_ridge.py:266: UserWarning: Singular matrix in solving dual problem. Using least-squares solution instead.
  warnings.warn(
/Users/goni/OQI-Hackathon-2026----FNHW-/.venv/lib/python3.14/site-packages/sklearn/linear_model/_ridge.py:266: UserWarning: Singular matrix in solving dual problem. Using least-squares solution instead.
  warnings.warn(
/Users/goni/OQI-Hackathon-2026----FNHW-/.venv/lib/python3.14/site-packages/sklearn/linear_model/_ridge.py:266: UserWarning: Singular matrix in solving dual problem. Using least-squares solution instead.
  warnings.warn(
/Users/goni/OQI-Hackathon-2026----FNHW-/.venv/lib/python3.14/site-packages/sklearn/linear_model/_ridge.py:266: UserWarning: Singular matrix in solving dual problem. Using least-squares solution instead.
  warnings.warn(
/Users/goni/OQI-Hackathon-2026----FNHW-/.venv/lib/python3.14/site-packages/sklearn/linear_model/_ridge.py:266: UserWarning: Singular matrix in solving dual problem. Using least-squares solution instead.
  warnings.warn(
18:49:24 | QK-KRR-trained fold fit | KTA_reg=0.3734 -> 0.5202 | alpha=1
/Users/goni/OQI-Hackathon-2026----FNHW-/.venv/lib/python3.14/site-packages/sklearn/linear_model/_ridge.py:266: UserWarning: Singular matrix in solving dual problem. Using least-squares solution instead.
  warnings.warn(
/Users/goni/OQI-Hackathon-2026----FNHW-/.venv/lib/python3.14/site-packages/sklearn/linear_model/_ridge.py:266: UserWarning: Singular matrix in solving dual problem. Using least-squares solution instead.
  warnings.warn(
/Users/goni/OQI-Hackathon-2026----FNHW-/.venv/lib/python3.14/site-packages/sklearn/linear_model/_ridge.py:266: UserWarning: Singular matrix in solving dual problem. Using least-squares solution instead.
  warnings.warn(
/Users/goni/OQI-Hackathon-2026----FNHW-/.venv/lib/python3.14/site-packages/sklearn/linear_model/_ridge.py:266: UserWarning: Singular matrix in solving dual problem. Using least-squares solution instead.
  warnings.warn(
/Users/goni/OQI-Hackathon-2026----FNHW-/.venv/lib/python3.14/site-packages/sklearn/linear_model/_ridge.py:266: UserWarning: Singular matrix in solving dual problem. Using least-squares solution instead.
  warnings.warn(
/Users/goni/OQI-Hackathon-2026----FNHW-/.venv/lib/python3.14/site-packages/sklearn/linear_model/_ridge.py:266: UserWarning: Singular matrix in solving dual problem. Using least-squares solution instead.
  warnings.warn(
/Users/goni/OQI-Hackathon-2026----FNHW-/.venv/lib/python3.14/site-packages/sklearn/linear_model/_ridge.py:266: UserWarning: Singular matrix in solving dual problem. Using least-squares solution instead.
  warnings.warn(
/Users/goni/OQI-Hackathon-2026----FNHW-/.venv/lib/python3.14/site-packages/sklearn/linear_model/_ridge.py:266: UserWarning: Singular matrix in solving dual problem. Using least-squares solution instead.
  warnings.warn(
/Users/goni/OQI-Hackathon-2026----FNHW-/.venv/lib/python3.14/site-packages/sklearn/linear_model/_ridge.py:266: UserWarning: Singular matrix in solving dual problem. Using least-squares solution instead.
  warnings.warn(
/Users/goni/OQI-Hackathon-2026----FNHW-/.venv/lib/python3.14/site-packages/sklearn/linear_model/_ridge.py:266: UserWarning: Singular matrix in solving dual problem. Using least-squares solution instead.
  warnings.warn(
/Users/goni/OQI-Hackathon-2026----FNHW-/.venv/lib/python3.14/site-packages/sklearn/linear_model/_ridge.py:266: UserWarning: Singular matrix in solving dual problem. Using least-squares solution instead.
  warnings.warn(
/Users/goni/OQI-Hackathon-2026----FNHW-/.venv/lib/python3.14/site-packages/sklearn/linear_model/_ridge.py:266: UserWarning: Singular matrix in solving dual problem. Using least-squares solution instead.
  warnings.warn(
/Users/goni/OQI-Hackathon-2026----FNHW-/.venv/lib/python3.14/site-packages/sklearn/linear_model/_ridge.py:266: UserWarning: Singular matrix in solving dual problem. Using least-squares solution instead.
  warnings.warn(
/Users/goni/OQI-Hackathon-2026----FNHW-/.venv/lib/python3.14/site-packages/sklearn/linear_model/_ridge.py:266: UserWarning: Singular matrix in solving dual problem. Using least-squares solution instead.
  warnings.warn(
/Users/goni/OQI-Hackathon-2026----FNHW-/.venv/lib/python3.14/site-packages/sklearn/linear_model/_ridge.py:266: UserWarning: Singular matrix in solving dual problem. Using least-squares solution instead.
  warnings.warn(
/Users/goni/OQI-Hackathon-2026----FNHW-/.venv/lib/python3.14/site-packages/sklearn/linear_model/_ridge.py:266: UserWarning: Singular matrix in solving dual problem. Using least-squares solution instead.
  warnings.warn(
/Users/goni/OQI-Hackathon-2026----FNHW-/.venv/lib/python3.14/site-packages/sklearn/linear_model/_ridge.py:266: UserWarning: Singular matrix in solving dual problem. Using least-squares solution instead.
  warnings.warn(
/Users/goni/OQI-Hackathon-2026----FNHW-/.venv/lib/python3.14/site-packages/sklearn/linear_model/_ridge.py:266: UserWarning: Singular matrix in solving dual problem. Using least-squares solution instead.
  warnings.warn(
/Users/goni/OQI-Hackathon-2026----FNHW-/.venv/lib/python3.14/site-packages/sklearn/linear_model/_ridge.py:266: UserWarning: Singular matrix in solving dual problem. Using least-squares solution instead.
  warnings.warn(
/Users/goni/OQI-Hackathon-2026----FNHW-/.venv/lib/python3.14/site-packages/sklearn/linear_model/_ridge.py:266: UserWarning: Singular matrix in solving dual problem. Using least-squares solution instead.
  warnings.warn(
/Users/goni/OQI-Hackathon-2026----FNHW-/.venv/lib/python3.14/site-packages/sklearn/linear_model/_ridge.py:266: UserWarning: Singular matrix in solving dual problem. Using least-squares solution instead.
  warnings.warn(
/Users/goni/OQI-Hackathon-2026----FNHW-/.venv/lib/python3.14/site-packages/sklearn/linear_model/_ridge.py:266: UserWarning: Singular matrix in solving dual problem. Using least-squares solution instead.
  warnings.warn(
/Users/goni/OQI-Hackathon-2026----FNHW-/.venv/lib/python3.14/site-packages/sklearn/linear_model/_ridge.py:266: UserWarning: Singular matrix in solving dual problem. Using least-squares solution instead.
  warnings.warn(
/Users/goni/OQI-Hackathon-2026----FNHW-/.venv/lib/python3.14/site-packages/sklearn/linear_model/_ridge.py:266: UserWarning: Singular matrix in solving dual problem. Using least-squares solution instead.
  warnings.warn(
18:50:05 | QK-KRR-trained fold fit | KTA_reg=0.3895 -> 0.5276 | alpha=1
/Users/goni/OQI-Hackathon-2026----FNHW-/.venv/lib/python3.14/site-packages/sklearn/linear_model/_ridge.py:266: UserWarning: Singular matrix in solving dual problem. Using least-squares solution instead.
  warnings.warn(
/Users/goni/OQI-Hackathon-2026----FNHW-/.venv/lib/python3.14/site-packages/sklearn/linear_model/_ridge.py:266: UserWarning: Singular matrix in solving dual problem. Using least-squares solution instead.
  warnings.warn(
/Users/goni/OQI-Hackathon-2026----FNHW-/.venv/lib/python3.14/site-packages/sklearn/linear_model/_ridge.py:266: UserWarning: Singular matrix in solving dual problem. Using least-squares solution instead.
  warnings.warn(
/Users/goni/OQI-Hackathon-2026----FNHW-/.venv/lib/python3.14/site-packages/sklearn/linear_model/_ridge.py:266: UserWarning: Singular matrix in solving dual problem. Using least-squares solution instead.
  warnings.warn(
/Users/goni/OQI-Hackathon-2026----FNHW-/.venv/lib/python3.14/site-packages/sklearn/linear_model/_ridge.py:266: UserWarning: Singular matrix in solving dual problem. Using least-squares solution instead.
  warnings.warn(
/Users/goni/OQI-Hackathon-2026----FNHW-/.venv/lib/python3.14/site-packages/sklearn/linear_model/_ridge.py:266: UserWarning: Singular matrix in solving dual problem. Using least-squares solution instead.
  warnings.warn(
/Users/goni/OQI-Hackathon-2026----FNHW-/.venv/lib/python3.14/site-packages/sklearn/linear_model/_ridge.py:266: UserWarning: Singular matrix in solving dual problem. Using least-squares solution instead.
  warnings.warn(
/Users/goni/OQI-Hackathon-2026----FNHW-/.venv/lib/python3.14/site-packages/sklearn/linear_model/_ridge.py:266: UserWarning: Singular matrix in solving dual problem. Using least-squares solution instead.
  warnings.warn(
/Users/goni/OQI-Hackathon-2026----FNHW-/.venv/lib/python3.14/site-packages/sklearn/linear_model/_ridge.py:266: UserWarning: Singular matrix in solving dual problem. Using least-squares solution instead.
  warnings.warn(
/Users/goni/OQI-Hackathon-2026----FNHW-/.venv/lib/python3.14/site-packages/sklearn/linear_model/_ridge.py:266: UserWarning: Singular matrix in solving dual problem. Using least-squares solution instead.
  warnings.warn(
/Users/goni/OQI-Hackathon-2026----FNHW-/.venv/lib/python3.14/site-packages/sklearn/linear_model/_ridge.py:266: UserWarning: Singular matrix in solving dual problem. Using least-squares solution instead.
  warnings.warn(
/Users/goni/OQI-Hackathon-2026----FNHW-/.venv/lib/python3.14/site-packages/sklearn/linear_model/_ridge.py:266: UserWarning: Singular matrix in solving dual problem. Using least-squares solution instead.
  warnings.warn(
/Users/goni/OQI-Hackathon-2026----FNHW-/.venv/lib/python3.14/site-packages/sklearn/linear_model/_ridge.py:266: UserWarning: Singular matrix in solving dual problem. Using least-squares solution instead.
  warnings.warn(
/Users/goni/OQI-Hackathon-2026----FNHW-/.venv/lib/python3.14/site-packages/sklearn/linear_model/_ridge.py:266: UserWarning: Singular matrix in solving dual problem. Using least-squares solution instead.
  warnings.warn(
/Users/goni/OQI-Hackathon-2026----FNHW-/.venv/lib/python3.14/site-packages/sklearn/linear_model/_ridge.py:266: UserWarning: Singular matrix in solving dual problem. Using least-squares solution instead.
  warnings.warn(
/Users/goni/OQI-Hackathon-2026----FNHW-/.venv/lib/python3.14/site-packages/sklearn/linear_model/_ridge.py:266: UserWarning: Singular matrix in solving dual problem. Using least-squares solution instead.
  warnings.warn(
/Users/goni/OQI-Hackathon-2026----FNHW-/.venv/lib/python3.14/site-packages/sklearn/linear_model/_ridge.py:266: UserWarning: Singular matrix in solving dual problem. Using least-squares solution instead.
  warnings.warn(
/Users/goni/OQI-Hackathon-2026----FNHW-/.venv/lib/python3.14/site-packages/sklearn/linear_model/_ridge.py:266: UserWarning: Singular matrix in solving dual problem. Using least-squares solution instead.
  warnings.warn(
/Users/goni/OQI-Hackathon-2026----FNHW-/.venv/lib/python3.14/site-packages/sklearn/linear_model/_ridge.py:266: UserWarning: Singular matrix in solving dual problem. Using least-squares solution instead.
  warnings.warn(
/Users/goni/OQI-Hackathon-2026----FNHW-/.venv/lib/python3.14/site-packages/sklearn/linear_model/_ridge.py:266: UserWarning: Singular matrix in solving dual problem. Using least-squares solution instead.
  warnings.warn(
/Users/goni/OQI-Hackathon-2026----FNHW-/.venv/lib/python3.14/site-packages/sklearn/linear_model/_ridge.py:266: UserWarning: Singular matrix in solving dual problem. Using least-squares solution instead.
  warnings.warn(
/Users/goni/OQI-Hackathon-2026----FNHW-/.venv/lib/python3.14/site-packages/sklearn/linear_model/_ridge.py:266: UserWarning: Singular matrix in solving dual problem. Using least-squares solution instead.
  warnings.warn(
/Users/goni/OQI-Hackathon-2026----FNHW-/.venv/lib/python3.14/site-packages/sklearn/linear_model/_ridge.py:266: UserWarning: Singular matrix in solving dual problem. Using least-squares solution instead.
  warnings.warn(
/Users/goni/OQI-Hackathon-2026----FNHW-/.venv/lib/python3.14/site-packages/sklearn/linear_model/_ridge.py:266: UserWarning: Singular matrix in solving dual problem. Using least-squares solution instead.
  warnings.warn(
/Users/goni/OQI-Hackathon-2026----FNHW-/.venv/lib/python3.14/site-packages/sklearn/linear_model/_ridge.py:266: UserWarning: Singular matrix in solving dual problem. Using least-squares solution instead.
  warnings.warn(
18:50:44 | QK-KRR-trained fold fit | KTA_reg=0.3757 -> 0.5100 | alpha=1
/Users/goni/OQI-Hackathon-2026----FNHW-/.venv/lib/python3.14/site-packages/sklearn/linear_model/_ridge.py:266: UserWarning: Singular matrix in solving dual problem. Using least-squares solution instead.
  warnings.warn(
/Users/goni/OQI-Hackathon-2026----FNHW-/.venv/lib/python3.14/site-packages/sklearn/linear_model/_ridge.py:266: UserWarning: Singular matrix in solving dual problem. Using least-squares solution instead.
  warnings.warn(
/Users/goni/OQI-Hackathon-2026----FNHW-/.venv/lib/python3.14/site-packages/sklearn/linear_model/_ridge.py:266: UserWarning: Singular matrix in solving dual problem. Using least-squares solution instead.
  warnings.warn(
/Users/goni/OQI-Hackathon-2026----FNHW-/.venv/lib/python3.14/site-packages/sklearn/linear_model/_ridge.py:266: UserWarning: Singular matrix in solving dual problem. Using least-squares solution instead.
  warnings.warn(
/Users/goni/OQI-Hackathon-2026----FNHW-/.venv/lib/python3.14/site-packages/sklearn/linear_model/_ridge.py:266: UserWarning: Singular matrix in solving dual problem. Using least-squares solution instead.
  warnings.warn(
/Users/goni/OQI-Hackathon-2026----FNHW-/.venv/lib/python3.14/site-packages/sklearn/linear_model/_ridge.py:266: UserWarning: Singular matrix in solving dual problem. Using least-squares solution instead.
  warnings.warn(
/Users/goni/OQI-Hackathon-2026----FNHW-/.venv/lib/python3.14/site-packages/sklearn/linear_model/_ridge.py:266: UserWarning: Singular matrix in solving dual problem. Using least-squares solution instead.
  warnings.warn(
/Users/goni/OQI-Hackathon-2026----FNHW-/.venv/lib/python3.14/site-packages/sklearn/linear_model/_ridge.py:266: UserWarning: Singular matrix in solving dual problem. Using least-squares solution instead.
  warnings.warn(
/Users/goni/OQI-Hackathon-2026----FNHW-/.venv/lib/python3.14/site-packages/sklearn/linear_model/_ridge.py:266: UserWarning: Singular matrix in solving dual problem. Using least-squares solution instead.
  warnings.warn(
/Users/goni/OQI-Hackathon-2026----FNHW-/.venv/lib/python3.14/site-packages/sklearn/linear_model/_ridge.py:266: UserWarning: Singular matrix in solving dual problem. Using least-squares solution instead.
  warnings.warn(
/Users/goni/OQI-Hackathon-2026----FNHW-/.venv/lib/python3.14/site-packages/sklearn/linear_model/_ridge.py:266: UserWarning: Singular matrix in solving dual problem. Using least-squares solution instead.
  warnings.warn(
/Users/goni/OQI-Hackathon-2026----FNHW-/.venv/lib/python3.14/site-packages/sklearn/linear_model/_ridge.py:266: UserWarning: Singular matrix in solving dual problem. Using least-squares solution instead.
  warnings.warn(
/Users/goni/OQI-Hackathon-2026----FNHW-/.venv/lib/python3.14/site-packages/sklearn/linear_model/_ridge.py:266: UserWarning: Singular matrix in solving dual problem. Using least-squares solution instead.
  warnings.warn(
/Users/goni/OQI-Hackathon-2026----FNHW-/.venv/lib/python3.14/site-packages/sklearn/linear_model/_ridge.py:266: UserWarning: Singular matrix in solving dual problem. Using least-squares solution instead.
  warnings.warn(
/Users/goni/OQI-Hackathon-2026----FNHW-/.venv/lib/python3.14/site-packages/sklearn/linear_model/_ridge.py:266: UserWarning: Singular matrix in solving dual problem. Using least-squares solution instead.
  warnings.warn(
/Users/goni/OQI-Hackathon-2026----FNHW-/.venv/lib/python3.14/site-packages/sklearn/linear_model/_ridge.py:266: UserWarning: Singular matrix in solving dual problem. Using least-squares solution instead.
  warnings.warn(
/Users/goni/OQI-Hackathon-2026----FNHW-/.venv/lib/python3.14/site-packages/sklearn/linear_model/_ridge.py:266: UserWarning: Singular matrix in solving dual problem. Using least-squares solution instead.
  warnings.warn(
/Users/goni/OQI-Hackathon-2026----FNHW-/.venv/lib/python3.14/site-packages/sklearn/linear_model/_ridge.py:266: UserWarning: Singular matrix in solving dual problem. Using least-squares solution instead.
  warnings.warn(
/Users/goni/OQI-Hackathon-2026----FNHW-/.venv/lib/python3.14/site-packages/sklearn/linear_model/_ridge.py:266: UserWarning: Singular matrix in solving dual problem. Using least-squares solution instead.
  warnings.warn(
/Users/goni/OQI-Hackathon-2026----FNHW-/.venv/lib/python3.14/site-packages/sklearn/linear_model/_ridge.py:266: UserWarning: Singular matrix in solving dual problem. Using least-squares solution instead.
  warnings.warn(
/Users/goni/OQI-Hackathon-2026----FNHW-/.venv/lib/python3.14/site-packages/sklearn/linear_model/_ridge.py:266: UserWarning: Singular matrix in solving dual problem. Using least-squares solution instead.
  warnings.warn(
/Users/goni/OQI-Hackathon-2026----FNHW-/.venv/lib/python3.14/site-packages/sklearn/linear_model/_ridge.py:266: UserWarning: Singular matrix in solving dual problem. Using least-squares solution instead.
  warnings.warn(
/Users/goni/OQI-Hackathon-2026----FNHW-/.venv/lib/python3.14/site-packages/sklearn/linear_model/_ridge.py:266: UserWarning: Singular matrix in solving dual problem. Using least-squares solution instead.
  warnings.warn(
/Users/goni/OQI-Hackathon-2026----FNHW-/.venv/lib/python3.14/site-packages/sklearn/linear_model/_ridge.py:266: UserWarning: Singular matrix in solving dual problem. Using least-squares solution instead.
  warnings.warn(
/Users/goni/OQI-Hackathon-2026----FNHW-/.venv/lib/python3.14/site-packages/sklearn/linear_model/_ridge.py:266: UserWarning: Singular matrix in solving dual problem. Using least-squares solution instead.
  warnings.warn(
/Users/goni/OQI-Hackathon-2026----FNHW-/.venv/lib/python3.14/site-packages/sklearn/linear_model/_ridge.py:266: UserWarning: Singular matrix in solving dual problem. Using least-squares solution instead.
  warnings.warn(
/Users/goni/OQI-Hackathon-2026----FNHW-/.venv/lib/python3.14/site-packages/sklearn/linear_model/_ridge.py:266: UserWarning: Singular matrix in solving dual problem. Using least-squares solution instead.
  warnings.warn(
/Users/goni/OQI-Hackathon-2026----FNHW-/.venv/lib/python3.14/site-packages/sklearn/linear_model/_ridge.py:266: UserWarning: Singular matrix in solving dual problem. Using least-squares solution instead.
  warnings.warn(
18:51:21 | QK-KRR-trained fold fit | KTA_reg=0.3710 -> 0.5225 | alpha=1
/Users/goni/OQI-Hackathon-2026----FNHW-/.venv/lib/python3.14/site-packages/sklearn/linear_model/_ridge.py:266: UserWarning: Singular matrix in solving dual problem. Using least-squares solution instead.
  warnings.warn(
/Users/goni/OQI-Hackathon-2026----FNHW-/.venv/lib/python3.14/site-packages/sklearn/linear_model/_ridge.py:266: UserWarning: Singular matrix in solving dual problem. Using least-squares solution instead.
  warnings.warn(
/Users/goni/OQI-Hackathon-2026----FNHW-/.venv/lib/python3.14/site-packages/sklearn/linear_model/_ridge.py:266: UserWarning: Singular matrix in solving dual problem. Using least-squares solution instead.
  warnings.warn(
/Users/goni/OQI-Hackathon-2026----FNHW-/.venv/lib/python3.14/site-packages/sklearn/linear_model/_ridge.py:266: UserWarning: Singular matrix in solving dual problem. Using least-squares solution instead.
  warnings.warn(
/Users/goni/OQI-Hackathon-2026----FNHW-/.venv/lib/python3.14/site-packages/sklearn/linear_model/_ridge.py:266: UserWarning: Singular matrix in solving dual problem. Using least-squares solution instead.
  warnings.warn(
/Users/goni/OQI-Hackathon-2026----FNHW-/.venv/lib/python3.14/site-packages/sklearn/linear_model/_ridge.py:266: UserWarning: Singular matrix in solving dual problem. Using least-squares solution instead.
  warnings.warn(
/Users/goni/OQI-Hackathon-2026----FNHW-/.venv/lib/python3.14/site-packages/sklearn/linear_model/_ridge.py:266: UserWarning: Singular matrix in solving dual problem. Using least-squares solution instead.
  warnings.warn(
/Users/goni/OQI-Hackathon-2026----FNHW-/.venv/lib/python3.14/site-packages/sklearn/linear_model/_ridge.py:266: UserWarning: Singular matrix in solving dual problem. Using least-squares solution instead.
  warnings.warn(
/Users/goni/OQI-Hackathon-2026----FNHW-/.venv/lib/python3.14/site-packages/sklearn/linear_model/_ridge.py:266: UserWarning: Singular matrix in solving dual problem. Using least-squares solution instead.
  warnings.warn(
/Users/goni/OQI-Hackathon-2026----FNHW-/.venv/lib/python3.14/site-packages/sklearn/linear_model/_ridge.py:266: UserWarning: Singular matrix in solving dual problem. Using least-squares solution instead.
  warnings.warn(
/Users/goni/OQI-Hackathon-2026----FNHW-/.venv/lib/python3.14/site-packages/sklearn/linear_model/_ridge.py:266: UserWarning: Singular matrix in solving dual problem. Using least-squares solution instead.
  warnings.warn(
/Users/goni/OQI-Hackathon-2026----FNHW-/.venv/lib/python3.14/site-packages/sklearn/linear_model/_ridge.py:266: UserWarning: Singular matrix in solving dual problem. Using least-squares solution instead.
  warnings.warn(
/Users/goni/OQI-Hackathon-2026----FNHW-/.venv/lib/python3.14/site-packages/sklearn/linear_model/_ridge.py:266: UserWarning: Singular matrix in solving dual problem. Using least-squares solution instead.
  warnings.warn(
/Users/goni/OQI-Hackathon-2026----FNHW-/.venv/lib/python3.14/site-packages/sklearn/linear_model/_ridge.py:266: UserWarning: Singular matrix in solving dual problem. Using least-squares solution instead.
  warnings.warn(
/Users/goni/OQI-Hackathon-2026----FNHW-/.venv/lib/python3.14/site-packages/sklearn/linear_model/_ridge.py:266: UserWarning: Singular matrix in solving dual problem. Using least-squares solution instead.
  warnings.warn(
/Users/goni/OQI-Hackathon-2026----FNHW-/.venv/lib/python3.14/site-packages/sklearn/linear_model/_ridge.py:266: UserWarning: Singular matrix in solving dual problem. Using least-squares solution instead.
  warnings.warn(
/Users/goni/OQI-Hackathon-2026----FNHW-/.venv/lib/python3.14/site-packages/sklearn/linear_model/_ridge.py:266: UserWarning: Singular matrix in solving dual problem. Using least-squares solution instead.
  warnings.warn(
18:51:59 | QK-KRR-trained fold fit | KTA_reg=0.3741 -> 0.5424 | alpha=1
/Users/goni/OQI-Hackathon-2026----FNHW-/.venv/lib/python3.14/site-packages/sklearn/linear_model/_ridge.py:266: UserWarning: Singular matrix in solving dual problem. Using least-squares solution instead.
  warnings.warn(
/Users/goni/OQI-Hackathon-2026----FNHW-/.venv/lib/python3.14/site-packages/sklearn/linear_model/_ridge.py:266: UserWarning: Singular matrix in solving dual problem. Using least-squares solution instead.
  warnings.warn(
/Users/goni/OQI-Hackathon-2026----FNHW-/.venv/lib/python3.14/site-packages/sklearn/linear_model/_ridge.py:266: UserWarning: Singular matrix in solving dual problem. Using least-squares solution instead.
  warnings.warn(
/Users/goni/OQI-Hackathon-2026----FNHW-/.venv/lib/python3.14/site-packages/sklearn/linear_model/_ridge.py:266: UserWarning: Singular matrix in solving dual problem. Using least-squares solution instead.
  warnings.warn(
/Users/goni/OQI-Hackathon-2026----FNHW-/.venv/lib/python3.14/site-packages/sklearn/linear_model/_ridge.py:266: UserWarning: Singular matrix in solving dual problem. Using least-squares solution instead.
  warnings.warn(
/Users/goni/OQI-Hackathon-2026----FNHW-/.venv/lib/python3.14/site-packages/sklearn/linear_model/_ridge.py:266: UserWarning: Singular matrix in solving dual problem. Using least-squares solution instead.
  warnings.warn(
/Users/goni/OQI-Hackathon-2026----FNHW-/.venv/lib/python3.14/site-packages/sklearn/linear_model/_ridge.py:266: UserWarning: Singular matrix in solving dual problem. Using least-squares solution instead.
  warnings.warn(
/Users/goni/OQI-Hackathon-2026----FNHW-/.venv/lib/python3.14/site-packages/sklearn/linear_model/_ridge.py:266: UserWarning: Singular matrix in solving dual problem. Using least-squares solution instead.
  warnings.warn(
/Users/goni/OQI-Hackathon-2026----FNHW-/.venv/lib/python3.14/site-packages/sklearn/linear_model/_ridge.py:266: UserWarning: Singular matrix in solving dual problem. Using least-squares solution instead.
  warnings.warn(
/Users/goni/OQI-Hackathon-2026----FNHW-/.venv/lib/python3.14/site-packages/sklearn/linear_model/_ridge.py:266: UserWarning: Singular matrix in solving dual problem. Using least-squares solution instead.
  warnings.warn(
/Users/goni/OQI-Hackathon-2026----FNHW-/.venv/lib/python3.14/site-packages/sklearn/linear_model/_ridge.py:266: UserWarning: Singular matrix in solving dual problem. Using least-squares solution instead.
  warnings.warn(
/Users/goni/OQI-Hackathon-2026----FNHW-/.venv/lib/python3.14/site-packages/sklearn/linear_model/_ridge.py:266: UserWarning: Singular matrix in solving dual problem. Using least-squares solution instead.
  warnings.warn(
/Users/goni/OQI-Hackathon-2026----FNHW-/.venv/lib/python3.14/site-packages/sklearn/linear_model/_ridge.py:266: UserWarning: Singular matrix in solving dual problem. Using least-squares solution instead.
  warnings.warn(
/Users/goni/OQI-Hackathon-2026----FNHW-/.venv/lib/python3.14/site-packages/sklearn/linear_model/_ridge.py:266: UserWarning: Singular matrix in solving dual problem. Using least-squares solution instead.
  warnings.warn(
/Users/goni/OQI-Hackathon-2026----FNHW-/.venv/lib/python3.14/site-packages/sklearn/linear_model/_ridge.py:266: UserWarning: Singular matrix in solving dual problem. Using least-squares solution instead.
  warnings.warn(
/Users/goni/OQI-Hackathon-2026----FNHW-/.venv/lib/python3.14/site-packages/sklearn/linear_model/_ridge.py:266: UserWarning: Singular matrix in solving dual problem. Using least-squares solution instead.
  warnings.warn(
/Users/goni/OQI-Hackathon-2026----FNHW-/.venv/lib/python3.14/site-packages/sklearn/linear_model/_ridge.py:266: UserWarning: Singular matrix in solving dual problem. Using least-squares solution instead.
  warnings.warn(
/Users/goni/OQI-Hackathon-2026----FNHW-/.venv/lib/python3.14/site-packages/sklearn/linear_model/_ridge.py:266: UserWarning: Singular matrix in solving dual problem. Using least-squares solution instead.
  warnings.warn(
/Users/goni/OQI-Hackathon-2026----FNHW-/.venv/lib/python3.14/site-packages/sklearn/linear_model/_ridge.py:266: UserWarning: Singular matrix in solving dual problem. Using least-squares solution instead.
  warnings.warn(
/Users/goni/OQI-Hackathon-2026----FNHW-/.venv/lib/python3.14/site-packages/sklearn/linear_model/_ridge.py:266: UserWarning: Singular matrix in solving dual problem. Using least-squares solution instead.
  warnings.warn(
/Users/goni/OQI-Hackathon-2026----FNHW-/.venv/lib/python3.14/site-packages/sklearn/linear_model/_ridge.py:266: UserWarning: Singular matrix in solving dual problem. Using least-squares solution instead.
  warnings.warn(
/Users/goni/OQI-Hackathon-2026----FNHW-/.venv/lib/python3.14/site-packages/sklearn/linear_model/_ridge.py:266: UserWarning: Singular matrix in solving dual problem. Using least-squares solution instead.
  warnings.warn(
18:52:36 | QK-KRR-trained fold fit | KTA_reg=0.3662 -> 0.5537 | alpha=1
/Users/goni/OQI-Hackathon-2026----FNHW-/.venv/lib/python3.14/site-packages/sklearn/linear_model/_ridge.py:266: UserWarning: Singular matrix in solving dual problem. Using least-squares solution instead.
  warnings.warn(
/Users/goni/OQI-Hackathon-2026----FNHW-/.venv/lib/python3.14/site-packages/sklearn/linear_model/_ridge.py:266: UserWarning: Singular matrix in solving dual problem. Using least-squares solution instead.
  warnings.warn(
/Users/goni/OQI-Hackathon-2026----FNHW-/.venv/lib/python3.14/site-packages/sklearn/linear_model/_ridge.py:266: UserWarning: Singular matrix in solving dual problem. Using least-squares solution instead.
  warnings.warn(
/Users/goni/OQI-Hackathon-2026----FNHW-/.venv/lib/python3.14/site-packages/sklearn/linear_model/_ridge.py:266: UserWarning: Singular matrix in solving dual problem. Using least-squares solution instead.
  warnings.warn(
/Users/goni/OQI-Hackathon-2026----FNHW-/.venv/lib/python3.14/site-packages/sklearn/linear_model/_ridge.py:266: UserWarning: Singular matrix in solving dual problem. Using least-squares solution instead.
  warnings.warn(
/Users/goni/OQI-Hackathon-2026----FNHW-/.venv/lib/python3.14/site-packages/sklearn/linear_model/_ridge.py:266: UserWarning: Singular matrix in solving dual problem. Using least-squares solution instead.
  warnings.warn(
/Users/goni/OQI-Hackathon-2026----FNHW-/.venv/lib/python3.14/site-packages/sklearn/linear_model/_ridge.py:266: UserWarning: Singular matrix in solving dual problem. Using least-squares solution instead.
  warnings.warn(
/Users/goni/OQI-Hackathon-2026----FNHW-/.venv/lib/python3.14/site-packages/sklearn/linear_model/_ridge.py:266: UserWarning: Singular matrix in solving dual problem. Using least-squares solution instead.
  warnings.warn(
/Users/goni/OQI-Hackathon-2026----FNHW-/.venv/lib/python3.14/site-packages/sklearn/linear_model/_ridge.py:266: UserWarning: Singular matrix in solving dual problem. Using least-squares solution instead.
  warnings.warn(
/Users/goni/OQI-Hackathon-2026----FNHW-/.venv/lib/python3.14/site-packages/sklearn/linear_model/_ridge.py:266: UserWarning: Singular matrix in solving dual problem. Using least-squares solution instead.
  warnings.warn(
/Users/goni/OQI-Hackathon-2026----FNHW-/.venv/lib/python3.14/site-packages/sklearn/linear_model/_ridge.py:266: UserWarning: Singular matrix in solving dual problem. Using least-squares solution instead.
  warnings.warn(
/Users/goni/OQI-Hackathon-2026----FNHW-/.venv/lib/python3.14/site-packages/sklearn/linear_model/_ridge.py:266: UserWarning: Singular matrix in solving dual problem. Using least-squares solution instead.
  warnings.warn(
/Users/goni/OQI-Hackathon-2026----FNHW-/.venv/lib/python3.14/site-packages/sklearn/linear_model/_ridge.py:266: UserWarning: Singular matrix in solving dual problem. Using least-squares solution instead.
  warnings.warn(
/Users/goni/OQI-Hackathon-2026----FNHW-/.venv/lib/python3.14/site-packages/sklearn/linear_model/_ridge.py:266: UserWarning: Singular matrix in solving dual problem. Using least-squares solution instead.
  warnings.warn(
/Users/goni/OQI-Hackathon-2026----FNHW-/.venv/lib/python3.14/site-packages/sklearn/linear_model/_ridge.py:266: UserWarning: Singular matrix in solving dual problem. Using least-squares solution instead.
  warnings.warn(
/Users/goni/OQI-Hackathon-2026----FNHW-/.venv/lib/python3.14/site-packages/sklearn/linear_model/_ridge.py:266: UserWarning: Singular matrix in solving dual problem. Using least-squares solution instead.
  warnings.warn(
/Users/goni/OQI-Hackathon-2026----FNHW-/.venv/lib/python3.14/site-packages/sklearn/linear_model/_ridge.py:266: UserWarning: Singular matrix in solving dual problem. Using least-squares solution instead.
  warnings.warn(
/Users/goni/OQI-Hackathon-2026----FNHW-/.venv/lib/python3.14/site-packages/sklearn/linear_model/_ridge.py:266: UserWarning: Singular matrix in solving dual problem. Using least-squares solution instead.
  warnings.warn(
/Users/goni/OQI-Hackathon-2026----FNHW-/.venv/lib/python3.14/site-packages/sklearn/linear_model/_ridge.py:266: UserWarning: Singular matrix in solving dual problem. Using least-squares solution instead.
  warnings.warn(
/Users/goni/OQI-Hackathon-2026----FNHW-/.venv/lib/python3.14/site-packages/sklearn/linear_model/_ridge.py:266: UserWarning: Singular matrix in solving dual problem. Using least-squares solution instead.
  warnings.warn(
/Users/goni/OQI-Hackathon-2026----FNHW-/.venv/lib/python3.14/site-packages/sklearn/linear_model/_ridge.py:266: UserWarning: Singular matrix in solving dual problem. Using least-squares solution instead.
  warnings.warn(
/Users/goni/OQI-Hackathon-2026----FNHW-/.venv/lib/python3.14/site-packages/sklearn/linear_model/_ridge.py:266: UserWarning: Singular matrix in solving dual problem. Using least-squares solution instead.
  warnings.warn(
/Users/goni/OQI-Hackathon-2026----FNHW-/.venv/lib/python3.14/site-packages/sklearn/linear_model/_ridge.py:266: UserWarning: Singular matrix in solving dual problem. Using least-squares solution instead.
  warnings.warn(
18:53:13 | QK-KRR-trained fold fit | KTA_reg=0.3765 -> 0.5487 | alpha=1
/Users/goni/OQI-Hackathon-2026----FNHW-/.venv/lib/python3.14/site-packages/sklearn/linear_model/_ridge.py:266: UserWarning: Singular matrix in solving dual problem. Using least-squares solution instead.
  warnings.warn(
/Users/goni/OQI-Hackathon-2026----FNHW-/.venv/lib/python3.14/site-packages/sklearn/linear_model/_ridge.py:266: UserWarning: Singular matrix in solving dual problem. Using least-squares solution instead.
  warnings.warn(
/Users/goni/OQI-Hackathon-2026----FNHW-/.venv/lib/python3.14/site-packages/sklearn/linear_model/_ridge.py:266: UserWarning: Singular matrix in solving dual problem. Using least-squares solution instead.
  warnings.warn(
/Users/goni/OQI-Hackathon-2026----FNHW-/.venv/lib/python3.14/site-packages/sklearn/linear_model/_ridge.py:266: UserWarning: Singular matrix in solving dual problem. Using least-squares solution instead.
  warnings.warn(
/Users/goni/OQI-Hackathon-2026----FNHW-/.venv/lib/python3.14/site-packages/sklearn/linear_model/_ridge.py:266: UserWarning: Singular matrix in solving dual problem. Using least-squares solution instead.
  warnings.warn(
/Users/goni/OQI-Hackathon-2026----FNHW-/.venv/lib/python3.14/site-packages/sklearn/linear_model/_ridge.py:266: UserWarning: Singular matrix in solving dual problem. Using least-squares solution instead.
  warnings.warn(
/Users/goni/OQI-Hackathon-2026----FNHW-/.venv/lib/python3.14/site-packages/sklearn/linear_model/_ridge.py:266: UserWarning: Singular matrix in solving dual problem. Using least-squares solution instead.
  warnings.warn(
/Users/goni/OQI-Hackathon-2026----FNHW-/.venv/lib/python3.14/site-packages/sklearn/linear_model/_ridge.py:266: UserWarning: Singular matrix in solving dual problem. Using least-squares solution instead.
  warnings.warn(
/Users/goni/OQI-Hackathon-2026----FNHW-/.venv/lib/python3.14/site-packages/sklearn/linear_model/_ridge.py:266: UserWarning: Singular matrix in solving dual problem. Using least-squares solution instead.
  warnings.warn(
/Users/goni/OQI-Hackathon-2026----FNHW-/.venv/lib/python3.14/site-packages/sklearn/linear_model/_ridge.py:266: UserWarning: Singular matrix in solving dual problem. Using least-squares solution instead.
  warnings.warn(
/Users/goni/OQI-Hackathon-2026----FNHW-/.venv/lib/python3.14/site-packages/sklearn/linear_model/_ridge.py:266: UserWarning: Singular matrix in solving dual problem. Using least-squares solution instead.
  warnings.warn(
/Users/goni/OQI-Hackathon-2026----FNHW-/.venv/lib/python3.14/site-packages/sklearn/linear_model/_ridge.py:266: UserWarning: Singular matrix in solving dual problem. Using least-squares solution instead.
  warnings.warn(
/Users/goni/OQI-Hackathon-2026----FNHW-/.venv/lib/python3.14/site-packages/sklearn/linear_model/_ridge.py:266: UserWarning: Singular matrix in solving dual problem. Using least-squares solution instead.
  warnings.warn(
/Users/goni/OQI-Hackathon-2026----FNHW-/.venv/lib/python3.14/site-packages/sklearn/linear_model/_ridge.py:266: UserWarning: Singular matrix in solving dual problem. Using least-squares solution instead.
  warnings.warn(
/Users/goni/OQI-Hackathon-2026----FNHW-/.venv/lib/python3.14/site-packages/sklearn/linear_model/_ridge.py:266: UserWarning: Singular matrix in solving dual problem. Using least-squares solution instead.
  warnings.warn(
/Users/goni/OQI-Hackathon-2026----FNHW-/.venv/lib/python3.14/site-packages/sklearn/linear_model/_ridge.py:266: UserWarning: Singular matrix in solving dual problem. Using least-squares solution instead.
  warnings.warn(
/Users/goni/OQI-Hackathon-2026----FNHW-/.venv/lib/python3.14/site-packages/sklearn/linear_model/_ridge.py:266: UserWarning: Singular matrix in solving dual problem. Using least-squares solution instead.
  warnings.warn(
/Users/goni/OQI-Hackathon-2026----FNHW-/.venv/lib/python3.14/site-packages/sklearn/linear_model/_ridge.py:266: UserWarning: Singular matrix in solving dual problem. Using least-squares solution instead.
  warnings.warn(
/Users/goni/OQI-Hackathon-2026----FNHW-/.venv/lib/python3.14/site-packages/sklearn/linear_model/_ridge.py:266: UserWarning: Singular matrix in solving dual problem. Using least-squares solution instead.
  warnings.warn(
/Users/goni/OQI-Hackathon-2026----FNHW-/.venv/lib/python3.14/site-packages/sklearn/linear_model/_ridge.py:266: UserWarning: Singular matrix in solving dual problem. Using least-squares solution instead.
  warnings.warn(
/Users/goni/OQI-Hackathon-2026----FNHW-/.venv/lib/python3.14/site-packages/sklearn/linear_model/_ridge.py:266: UserWarning: Singular matrix in solving dual problem. Using least-squares solution instead.
  warnings.warn(
/Users/goni/OQI-Hackathon-2026----FNHW-/.venv/lib/python3.14/site-packages/sklearn/linear_model/_ridge.py:266: UserWarning: Singular matrix in solving dual problem. Using least-squares solution instead.
  warnings.warn(
18:53:50 | QK-KRR-trained fold fit | KTA_reg=0.3826 -> 0.5177 | alpha=1
/Users/goni/OQI-Hackathon-2026----FNHW-/.venv/lib/python3.14/site-packages/sklearn/linear_model/_ridge.py:266: UserWarning: Singular matrix in solving dual problem. Using least-squares solution instead.
  warnings.warn(
/Users/goni/OQI-Hackathon-2026----FNHW-/.venv/lib/python3.14/site-packages/sklearn/linear_model/_ridge.py:266: UserWarning: Singular matrix in solving dual problem. Using least-squares solution instead.
  warnings.warn(
/Users/goni/OQI-Hackathon-2026----FNHW-/.venv/lib/python3.14/site-packages/sklearn/linear_model/_ridge.py:266: UserWarning: Singular matrix in solving dual problem. Using least-squares solution instead.
  warnings.warn(
/Users/goni/OQI-Hackathon-2026----FNHW-/.venv/lib/python3.14/site-packages/sklearn/linear_model/_ridge.py:266: UserWarning: Singular matrix in solving dual problem. Using least-squares solution instead.
  warnings.warn(
/Users/goni/OQI-Hackathon-2026----FNHW-/.venv/lib/python3.14/site-packages/sklearn/linear_model/_ridge.py:266: UserWarning: Singular matrix in solving dual problem. Using least-squares solution instead.
  warnings.warn(
/Users/goni/OQI-Hackathon-2026----FNHW-/.venv/lib/python3.14/site-packages/sklearn/linear_model/_ridge.py:266: UserWarning: Singular matrix in solving dual problem. Using least-squares solution instead.
  warnings.warn(
/Users/goni/OQI-Hackathon-2026----FNHW-/.venv/lib/python3.14/site-packages/sklearn/linear_model/_ridge.py:266: UserWarning: Singular matrix in solving dual problem. Using least-squares solution instead.
  warnings.warn(
/Users/goni/OQI-Hackathon-2026----FNHW-/.venv/lib/python3.14/site-packages/sklearn/linear_model/_ridge.py:266: UserWarning: Singular matrix in solving dual problem. Using least-squares solution instead.
  warnings.warn(
/Users/goni/OQI-Hackathon-2026----FNHW-/.venv/lib/python3.14/site-packages/sklearn/linear_model/_ridge.py:266: UserWarning: Singular matrix in solving dual problem. Using least-squares solution instead.
  warnings.warn(
/Users/goni/OQI-Hackathon-2026----FNHW-/.venv/lib/python3.14/site-packages/sklearn/linear_model/_ridge.py:266: UserWarning: Singular matrix in solving dual problem. Using least-squares solution instead.
  warnings.warn(
/Users/goni/OQI-Hackathon-2026----FNHW-/.venv/lib/python3.14/site-packages/sklearn/linear_model/_ridge.py:266: UserWarning: Singular matrix in solving dual problem. Using least-squares solution instead.
  warnings.warn(
/Users/goni/OQI-Hackathon-2026----FNHW-/.venv/lib/python3.14/site-packages/sklearn/linear_model/_ridge.py:266: UserWarning: Singular matrix in solving dual problem. Using least-squares solution instead.
  warnings.warn(
/Users/goni/OQI-Hackathon-2026----FNHW-/.venv/lib/python3.14/site-packages/sklearn/linear_model/_ridge.py:266: UserWarning: Singular matrix in solving dual problem. Using least-squares solution instead.
  warnings.warn(
/Users/goni/OQI-Hackathon-2026----FNHW-/.venv/lib/python3.14/site-packages/sklearn/linear_model/_ridge.py:266: UserWarning: Singular matrix in solving dual problem. Using least-squares solution instead.
  warnings.warn(
/Users/goni/OQI-Hackathon-2026----FNHW-/.venv/lib/python3.14/site-packages/sklearn/linear_model/_ridge.py:266: UserWarning: Singular matrix in solving dual problem. Using least-squares solution instead.
  warnings.warn(
/Users/goni/OQI-Hackathon-2026----FNHW-/.venv/lib/python3.14/site-packages/sklearn/linear_model/_ridge.py:266: UserWarning: Singular matrix in solving dual problem. Using least-squares solution instead.
  warnings.warn(
/Users/goni/OQI-Hackathon-2026----FNHW-/.venv/lib/python3.14/site-packages/sklearn/linear_model/_ridge.py:266: UserWarning: Singular matrix in solving dual problem. Using least-squares solution instead.
  warnings.warn(
/Users/goni/OQI-Hackathon-2026----FNHW-/.venv/lib/python3.14/site-packages/sklearn/linear_model/_ridge.py:266: UserWarning: Singular matrix in solving dual problem. Using least-squares solution instead.
  warnings.warn(
/Users/goni/OQI-Hackathon-2026----FNHW-/.venv/lib/python3.14/site-packages/sklearn/linear_model/_ridge.py:266: UserWarning: Singular matrix in solving dual problem. Using least-squares solution instead.
  warnings.warn(
/Users/goni/OQI-Hackathon-2026----FNHW-/.venv/lib/python3.14/site-packages/sklearn/linear_model/_ridge.py:266: UserWarning: Singular matrix in solving dual problem. Using least-squares solution instead.
  warnings.warn(
/Users/goni/OQI-Hackathon-2026----FNHW-/.venv/lib/python3.14/site-packages/sklearn/linear_model/_ridge.py:266: UserWarning: Singular matrix in solving dual problem. Using least-squares solution instead.
  warnings.warn(
/Users/goni/OQI-Hackathon-2026----FNHW-/.venv/lib/python3.14/site-packages/sklearn/linear_model/_ridge.py:266: UserWarning: Singular matrix in solving dual problem. Using least-squares solution instead.
  warnings.warn(
/Users/goni/OQI-Hackathon-2026----FNHW-/.venv/lib/python3.14/site-packages/sklearn/linear_model/_ridge.py:266: UserWarning: Singular matrix in solving dual problem. Using least-squares solution instead.
  warnings.warn(
/Users/goni/OQI-Hackathon-2026----FNHW-/.venv/lib/python3.14/site-packages/sklearn/linear_model/_ridge.py:266: UserWarning: Singular matrix in solving dual problem. Using least-squares solution instead.
  warnings.warn(
/Users/goni/OQI-Hackathon-2026----FNHW-/.venv/lib/python3.14/site-packages/sklearn/linear_model/_ridge.py:266: UserWarning: Singular matrix in solving dual problem. Using least-squares solution instead.
  warnings.warn(
/Users/goni/OQI-Hackathon-2026----FNHW-/.venv/lib/python3.14/site-packages/sklearn/linear_model/_ridge.py:266: UserWarning: Singular matrix in solving dual problem. Using least-squares solution instead.
  warnings.warn(
/Users/goni/OQI-Hackathon-2026----FNHW-/.venv/lib/python3.14/site-packages/sklearn/linear_model/_ridge.py:266: UserWarning: Singular matrix in solving dual problem. Using least-squares solution instead.
  warnings.warn(
18:54:27 | QK-KRR-trained fold fit | KTA_reg=0.3890 -> 0.5312 | alpha=1
18:55:04 | QK-KRR-trained fold fit | KTA_reg=0.3713 -> 0.5155 | alpha=1
/Users/goni/OQI-Hackathon-2026----FNHW-/.venv/lib/python3.14/site-packages/sklearn/linear_model/_ridge.py:266: UserWarning: Singular matrix in solving dual problem. Using least-squares solution instead.
  warnings.warn(
/Users/goni/OQI-Hackathon-2026----FNHW-/.venv/lib/python3.14/site-packages/sklearn/linear_model/_ridge.py:266: UserWarning: Singular matrix in solving dual problem. Using least-squares solution instead.
  warnings.warn(
/Users/goni/OQI-Hackathon-2026----FNHW-/.venv/lib/python3.14/site-packages/sklearn/linear_model/_ridge.py:266: UserWarning: Singular matrix in solving dual problem. Using least-squares solution instead.
  warnings.warn(
/Users/goni/OQI-Hackathon-2026----FNHW-/.venv/lib/python3.14/site-packages/sklearn/linear_model/_ridge.py:266: UserWarning: Singular matrix in solving dual problem. Using least-squares solution instead.
  warnings.warn(
/Users/goni/OQI-Hackathon-2026----FNHW-/.venv/lib/python3.14/site-packages/sklearn/linear_model/_ridge.py:266: UserWarning: Singular matrix in solving dual problem. Using least-squares solution instead.
  warnings.warn(
/Users/goni/OQI-Hackathon-2026----FNHW-/.venv/lib/python3.14/site-packages/sklearn/linear_model/_ridge.py:266: UserWarning: Singular matrix in solving dual problem. Using least-squares solution instead.
  warnings.warn(
/Users/goni/OQI-Hackathon-2026----FNHW-/.venv/lib/python3.14/site-packages/sklearn/linear_model/_ridge.py:266: UserWarning: Singular matrix in solving dual problem. Using least-squares solution instead.
  warnings.warn(
/Users/goni/OQI-Hackathon-2026----FNHW-/.venv/lib/python3.14/site-packages/sklearn/linear_model/_ridge.py:266: UserWarning: Singular matrix in solving dual problem. Using least-squares solution instead.
  warnings.warn(
/Users/goni/OQI-Hackathon-2026----FNHW-/.venv/lib/python3.14/site-packages/sklearn/linear_model/_ridge.py:266: UserWarning: Singular matrix in solving dual problem. Using least-squares solution instead.
  warnings.warn(
/Users/goni/OQI-Hackathon-2026----FNHW-/.venv/lib/python3.14/site-packages/sklearn/linear_model/_ridge.py:266: UserWarning: Singular matrix in solving dual problem. Using least-squares solution instead.
  warnings.warn(
/Users/goni/OQI-Hackathon-2026----FNHW-/.venv/lib/python3.14/site-packages/sklearn/linear_model/_ridge.py:266: UserWarning: Singular matrix in solving dual problem. Using least-squares solution instead.
  warnings.warn(
/Users/goni/OQI-Hackathon-2026----FNHW-/.venv/lib/python3.14/site-packages/sklearn/linear_model/_ridge.py:266: UserWarning: Singular matrix in solving dual problem. Using least-squares solution instead.
  warnings.warn(
/Users/goni/OQI-Hackathon-2026----FNHW-/.venv/lib/python3.14/site-packages/sklearn/linear_model/_ridge.py:266: UserWarning: Singular matrix in solving dual problem. Using least-squares solution instead.
  warnings.warn(
/Users/goni/OQI-Hackathon-2026----FNHW-/.venv/lib/python3.14/site-packages/sklearn/linear_model/_ridge.py:266: UserWarning: Singular matrix in solving dual problem. Using least-squares solution instead.
  warnings.warn(
/Users/goni/OQI-Hackathon-2026----FNHW-/.venv/lib/python3.14/site-packages/sklearn/linear_model/_ridge.py:266: UserWarning: Singular matrix in solving dual problem. Using least-squares solution instead.
  warnings.warn(
/Users/goni/OQI-Hackathon-2026----FNHW-/.venv/lib/python3.14/site-packages/sklearn/linear_model/_ridge.py:266: UserWarning: Singular matrix in solving dual problem. Using least-squares solution instead.
  warnings.warn(
/Users/goni/OQI-Hackathon-2026----FNHW-/.venv/lib/python3.14/site-packages/sklearn/linear_model/_ridge.py:266: UserWarning: Singular matrix in solving dual problem. Using least-squares solution instead.
  warnings.warn(
/Users/goni/OQI-Hackathon-2026----FNHW-/.venv/lib/python3.14/site-packages/sklearn/linear_model/_ridge.py:266: UserWarning: Singular matrix in solving dual problem. Using least-squares solution instead.
  warnings.warn(
/Users/goni/OQI-Hackathon-2026----FNHW-/.venv/lib/python3.14/site-packages/sklearn/linear_model/_ridge.py:266: UserWarning: Singular matrix in solving dual problem. Using least-squares solution instead.
  warnings.warn(
/Users/goni/OQI-Hackathon-2026----FNHW-/.venv/lib/python3.14/site-packages/sklearn/linear_model/_ridge.py:266: UserWarning: Singular matrix in solving dual problem. Using least-squares solution instead.
  warnings.warn(
/Users/goni/OQI-Hackathon-2026----FNHW-/.venv/lib/python3.14/site-packages/sklearn/linear_model/_ridge.py:266: UserWarning: Singular matrix in solving dual problem. Using least-squares solution instead.
  warnings.warn(
/Users/goni/OQI-Hackathon-2026----FNHW-/.venv/lib/python3.14/site-packages/sklearn/linear_model/_ridge.py:266: UserWarning: Singular matrix in solving dual problem. Using least-squares solution instead.
  warnings.warn(
/Users/goni/OQI-Hackathon-2026----FNHW-/.venv/lib/python3.14/site-packages/sklearn/linear_model/_ridge.py:266: UserWarning: Singular matrix in solving dual problem. Using least-squares solution instead.
  warnings.warn(
/Users/goni/OQI-Hackathon-2026----FNHW-/.venv/lib/python3.14/site-packages/sklearn/linear_model/_ridge.py:266: UserWarning: Singular matrix in solving dual problem. Using least-squares solution instead.
  warnings.warn(
18:55:41 | QK-KRR-trained fold fit | KTA_reg=0.3624 -> 0.5059 | alpha=1
/Users/goni/OQI-Hackathon-2026----FNHW-/.venv/lib/python3.14/site-packages/sklearn/linear_model/_ridge.py:266: UserWarning: Singular matrix in solving dual problem. Using least-squares solution instead.
  warnings.warn(
/Users/goni/OQI-Hackathon-2026----FNHW-/.venv/lib/python3.14/site-packages/sklearn/linear_model/_ridge.py:266: UserWarning: Singular matrix in solving dual problem. Using least-squares solution instead.
  warnings.warn(
/Users/goni/OQI-Hackathon-2026----FNHW-/.venv/lib/python3.14/site-packages/sklearn/linear_model/_ridge.py:266: UserWarning: Singular matrix in solving dual problem. Using least-squares solution instead.
  warnings.warn(
/Users/goni/OQI-Hackathon-2026----FNHW-/.venv/lib/python3.14/site-packages/sklearn/linear_model/_ridge.py:266: UserWarning: Singular matrix in solving dual problem. Using least-squares solution instead.
  warnings.warn(
/Users/goni/OQI-Hackathon-2026----FNHW-/.venv/lib/python3.14/site-packages/sklearn/linear_model/_ridge.py:266: UserWarning: Singular matrix in solving dual problem. Using least-squares solution instead.
  warnings.warn(
/Users/goni/OQI-Hackathon-2026----FNHW-/.venv/lib/python3.14/site-packages/sklearn/linear_model/_ridge.py:266: UserWarning: Singular matrix in solving dual problem. Using least-squares solution instead.
  warnings.warn(
/Users/goni/OQI-Hackathon-2026----FNHW-/.venv/lib/python3.14/site-packages/sklearn/linear_model/_ridge.py:266: UserWarning: Singular matrix in solving dual problem. Using least-squares solution instead.
  warnings.warn(
/Users/goni/OQI-Hackathon-2026----FNHW-/.venv/lib/python3.14/site-packages/sklearn/linear_model/_ridge.py:266: UserWarning: Singular matrix in solving dual problem. Using least-squares solution instead.
  warnings.warn(
/Users/goni/OQI-Hackathon-2026----FNHW-/.venv/lib/python3.14/site-packages/sklearn/linear_model/_ridge.py:266: UserWarning: Singular matrix in solving dual problem. Using least-squares solution instead.
  warnings.warn(
/Users/goni/OQI-Hackathon-2026----FNHW-/.venv/lib/python3.14/site-packages/sklearn/linear_model/_ridge.py:266: UserWarning: Singular matrix in solving dual problem. Using least-squares solution instead.
  warnings.warn(
/Users/goni/OQI-Hackathon-2026----FNHW-/.venv/lib/python3.14/site-packages/sklearn/linear_model/_ridge.py:266: UserWarning: Singular matrix in solving dual problem. Using least-squares solution instead.
  warnings.warn(
/Users/goni/OQI-Hackathon-2026----FNHW-/.venv/lib/python3.14/site-packages/sklearn/linear_model/_ridge.py:266: UserWarning: Singular matrix in solving dual problem. Using least-squares solution instead.
  warnings.warn(
/Users/goni/OQI-Hackathon-2026----FNHW-/.venv/lib/python3.14/site-packages/sklearn/linear_model/_ridge.py:266: UserWarning: Singular matrix in solving dual problem. Using least-squares solution instead.
  warnings.warn(
/Users/goni/OQI-Hackathon-2026----FNHW-/.venv/lib/python3.14/site-packages/sklearn/linear_model/_ridge.py:266: UserWarning: Singular matrix in solving dual problem. Using least-squares solution instead.
  warnings.warn(
/Users/goni/OQI-Hackathon-2026----FNHW-/.venv/lib/python3.14/site-packages/sklearn/linear_model/_ridge.py:266: UserWarning: Singular matrix in solving dual problem. Using least-squares solution instead.
  warnings.warn(
/Users/goni/OQI-Hackathon-2026----FNHW-/.venv/lib/python3.14/site-packages/sklearn/linear_model/_ridge.py:266: UserWarning: Singular matrix in solving dual problem. Using least-squares solution instead.
  warnings.warn(
/Users/goni/OQI-Hackathon-2026----FNHW-/.venv/lib/python3.14/site-packages/sklearn/linear_model/_ridge.py:266: UserWarning: Singular matrix in solving dual problem. Using least-squares solution instead.
  warnings.warn(
/Users/goni/OQI-Hackathon-2026----FNHW-/.venv/lib/python3.14/site-packages/sklearn/linear_model/_ridge.py:266: UserWarning: Singular matrix in solving dual problem. Using least-squares solution instead.
  warnings.warn(
/Users/goni/OQI-Hackathon-2026----FNHW-/.venv/lib/python3.14/site-packages/sklearn/linear_model/_ridge.py:266: UserWarning: Singular matrix in solving dual problem. Using least-squares solution instead.
  warnings.warn(
/Users/goni/OQI-Hackathon-2026----FNHW-/.venv/lib/python3.14/site-packages/sklearn/linear_model/_ridge.py:266: UserWarning: Singular matrix in solving dual problem. Using least-squares solution instead.
  warnings.warn(
/Users/goni/OQI-Hackathon-2026----FNHW-/.venv/lib/python3.14/site-packages/sklearn/linear_model/_ridge.py:266: UserWarning: Singular matrix in solving dual problem. Using least-squares solution instead.
  warnings.warn(
/Users/goni/OQI-Hackathon-2026----FNHW-/.venv/lib/python3.14/site-packages/sklearn/linear_model/_ridge.py:266: UserWarning: Singular matrix in solving dual problem. Using least-squares solution instead.
  warnings.warn(
/Users/goni/OQI-Hackathon-2026----FNHW-/.venv/lib/python3.14/site-packages/sklearn/linear_model/_ridge.py:266: UserWarning: Singular matrix in solving dual problem. Using least-squares solution instead.
  warnings.warn(
/Users/goni/OQI-Hackathon-2026----FNHW-/.venv/lib/python3.14/site-packages/sklearn/linear_model/_ridge.py:266: UserWarning: Singular matrix in solving dual problem. Using least-squares solution instead.
  warnings.warn(
18:56:21 | QK-KRR-trained fold fit | KTA_reg=0.3754 -> 0.5419 | alpha=1
18:56:24 |   QK-KRR_trained -> q2=0.049 r2=0.768 mae=3.241 rmse=6.907 (1159.9s)
18:56:24 | === 4-Patzmann done in 2916.4s ===
18:56:24 | === 6-RDKit: classical classification ===
18:56:24 | Running classical classifier: SVC_rbf
18:56:24 |   SVC_rbf -> accuracy=0.897 f1=0.870
18:56:24 | Running classical classifier: RandomForest
18:56:26 |   RandomForest -> accuracy=0.897 f1=0.880
18:56:26 | Running classical classifier: GradientBoosting
18:56:26 |   GradientBoosting -> accuracy=0.897 f1=0.880
18:56:26 | === 6-RDKit: classical regression (PLS) ===
18:56:26 | Running PLS regression baseline (n_components=2, target=log(COMDR_15min))
18:56:26 |   PLS -> Q2(LOOCV)=0.740 R2(train)=0.822 (target=log(COMDR_15min))
18:56:26 | === 6-RDKit: quantum classification (['QK-SVM_angle', 'QK-SVM_trained', 'VQC']) ===
18:56:26 | QuantumExecutor ready | backend=aer_simulator | shots=4096
18:56:26 | Running quantum classifier: QK-SVM_angle (backend=aer_simulator)
18:57:01 |   QK-SVM_angle -> accuracy=0.897 f1=0.870 (34.7s)
18:57:01 | Running quantum classifier: QK-SVM_trained (backend=aer_simulator)
18:57:56 | Trained kernel KTA for this fold, before and after training: 0.2208 -> 0.2949
18:58:52 | Trained kernel KTA for this fold, before and after training: 0.2308 -> 0.3121
18:59:48 | Trained kernel KTA for this fold, before and after training: 0.2161 -> 0.3032
